...1,St.16,St.15,St.14,St.13,St.12,St.10,St.9,St.8,St.7,St.6,St.5,St.4,St.3,St.2,St.1,St.20,St.17,St.19,St.30,St.31,St.18,St.33,rel_grotenete1,St.27,St.28,St.29,St.34,St.26,St.25,St.32,St.11,St.23,St.22,St.21,St.24,rel_grotenete3,rel_grotenete2
St.16,0,2389.9443200896,6586.91243376835,7693.97448529044,10549.4993486042,20308.8031272686,23605.7581383814,30289.7243428139,34735.1172810679,38839.1057517721,40977.5160660513,41401.7691824748,43167.3928760361,45240.1154232121,49534.1050083432,54128.0505121788,61553.2251374489,64998.6842653258,77506.9337527606,84973.6618993158,85115.0796047901,99527.043290344,1048.50914452691,71858.3576395621,71558.3532720402,77265.5145914458,103382.663460094,73958.1378933246,75906.5713175857,99568.4676147806,15370.5781439334,83714.7281560993,86304.6511634614,89643.0870226313,81059.1335312412,99.9933810378425,241.419161315003
St.15,2389.9443200896,0,4338.37774435009,5445.43979587217,8300.9646591859,18060.2684378504,21357.2234489631,28041.1896533957,32486.5825916496,36590.5710623538,38728.981376633,39153.2344930565,40918.8581866178,42991.5807337938,47285.5703189249,51879.5158227605,59304.6904480306,62750.1495759075,75258.3990633423,82725.1272098976,82866.5449153719,97278.5086009258,3438.45346461651,69609.8229501439,69309.8185826219,75016.9799020275,101134.128770676,71709.6032039064,73658.0366281674,97319.9329253623,13122.0434545151,81466.193466681,84056.1164740431,87394.5523332131,78810.5988418229,2431.3605697233,2631.36348140461
St.14,6586.91243376835,4338.37774435009,0,1107.06205152208,3962.58691483582,13721.8906935003,17018.845704613,23702.8119090456,28148.2048472996,32252.1933180037,34390.6036322829,34814.8567487064,36580.4804422677,38653.2029894437,42947.1925745748,47541.1380784104,54966.3127036805,58411.7718315574,70920.0213189923,78386.7494655475,78528.1671710218,92940.1308565757,7635.42157829526,65271.4452057938,64971.4408382719,70678.6021576775,96795.751026326,67371.2254595563,69319.6588838173,92981.5551810123,8783.665710165,77127.815722331,79717.7387296931,83056.174588863,74472.2210974729,6628.32868340205,6828.33159508335
St.13,7693.97448529044,5445.43979587217,1107.06205152208,0,2855.52486331373,12614.8286419782,15911.783653091,22595.7498575235,27041.1427957775,31145.1312664817,33283.5415807608,33707.7946971843,35473.4183907456,37546.1409379216,41840.1305230527,46434.0760268883,53859.2506521584,57304.7097800353,69812.9592674702,77279.6874140255,77421.1051194997,91833.0688050536,8742.48362981734,64164.3831542717,63864.3787867498,69571.5401061554,95688.688974804,66264.1634080343,68212.5968322953,91874.4931294902,7676.60365864291,76020.7536708089,78610.676678171,81949.112537341,73365.1590459508,7735.39073492413,7935.39364660544
St.12,10549.4993486042,8300.9646591859,3962.58691483582,2855.52486331373,0,9817.88091006855,13114.8359211813,19798.8021256139,24244.1950638679,28348.183534572,30486.5938488512,30910.8469652747,32676.470658836,34749.193206012,39043.1827911431,43637.1282949787,51062.3029202488,54507.7620481257,67016.0115355606,74482.7396821159,74624.1573875902,89036.1210731441,11598.0084931311,61367.4354223621,61067.4310548401,66774.5923742458,92891.7412428944,63467.2156761246,65415.6491003857,89077.5453975806,4879.6559267333,73223.8059388993,75813.7289462614,79152.1648054314,70568.2113140412,10590.9155982379,10790.9185099192
St.10,20308.8031272686,18060.2684378504,13721.8906935003,12614.8286419782,9817.88091006855,0,3296.95501111277,9980.92121554535,14426.3141537993,18530.3026245035,20668.7129387827,21092.9660552061,22858.5897487674,24931.3122959434,29225.3018810745,33819.2473849101,41244.4220101802,44689.8811380571,57198.130625492,64664.8587720474,64806.2764775217,79218.2401630756,21357.3122717955,51549.5545122935,51249.5501447715,56956.7114641772,83073.8603328259,53649.334766056,55597.7681903171,79259.6644875121,4938.22498333526,63405.9250288309,65995.848036193,69334.2838953629,60750.3304039727,20350.2193769023,20550.2222885836
St.9,23605.7581383814,21357.2234489631,17018.845704613,15911.783653091,13114.8359211813,3296.95501111277,0,6683.96620443257,11129.3591426865,15233.3476133907,17371.7579276699,17796.0110440934,19561.6347376547,21634.3572848307,25928.3468699617,30522.2923737973,37947.4669990674,41392.9261269443,53901.1756143793,61367.9037609346,61509.3214664089,75921.2851519629,24654.2672829083,48252.5995011807,47952.5951336587,53659.7564530644,79776.9053217132,50352.3797549432,52300.8131792043,75962.7094763994,8235.17999444803,60108.9700177181,62698.8930250802,66037.3288842502,57453.3753928599,23647.1743880151,23847.1772996964
St.8,30289.7243428139,28041.1896533957,23702.8119090456,22595.7498575235,19798.8021256139,9980.92121554535,6683.96620443257,0,4503.97006965809,8607.95854036228,10746.3688546415,11170.6219710649,12936.2456646262,15008.9682118022,19302.9577969333,23896.9033007689,31322.0779260389,34767.5370539158,47275.7865413508,54742.5146879061,54883.9323933804,69295.8960789345,31338.2334873408,41627.2104281522,41327.2060606302,47034.3673800359,73151.5162486848,43726.9906819147,45675.4241061758,69337.320403371,14919.1461988806,53483.5809446896,56073.5039520517,59411.9398112217,50827.9863198314,30331.1405924476,30531.1435041289
St.7,34735.1172810679,32486.5825916496,28148.2048472996,27041.1427957775,24244.1950638679,14426.3141537993,11129.3591426865,4503.97006965809,0,4186.83711957727,6325.24743385645,6749.50055027991,8515.12424384122,10587.8467910172,14881.8363761483,19475.7818799839,26900.9565052539,30346.4156331307,42854.6651205657,50321.3932671211,50462.8109725954,64874.7746581495,35783.6264255948,37206.0890073672,36906.0846398452,42613.2459592509,68730.3948278998,39305.8692611297,41254.3026853908,64916.1989825861,19364.5391371346,49062.4595239045,51652.3825312667,54990.8183904367,46406.8648990464,34776.5335307016,34976.5364423829
St.6,38839.1057517721,36590.5710623538,32252.1933180037,31145.1312664817,28348.183534572,18530.3026245035,15233.3476133907,8607.95854036228,4186.83711957727,0,2138.41031427918,2562.66343070264,4328.28712426395,6401.00967143992,10694.999256571,15288.9447604066,22714.1193856767,26159.5785135535,38667.8280009884,46134.5561475438,46275.9738530181,60687.9375385722,39887.614896299,33019.2518877899,32719.2475202679,38426.4088396736,64543.5577083226,35119.0321415524,37067.4655658135,60729.3618630088,23468.5276078388,44875.6224043272,47465.5454116894,50803.9812708594,42220.0277794691,38880.5220014058,39080.5249130871
St.5,40977.5160660513,38728.981376633,34390.6036322829,33283.5415807608,30486.5938488512,20668.7129387827,17371.7579276699,10746.3688546415,6325.24743385645,2138.41031427918,0,424.253116423457,2189.87680998476,4262.59935716074,8556.58894229184,13150.5344461274,20575.7090713975,24021.1681992743,36529.4176867092,43996.1458332646,44137.5635387389,58549.527224293,42026.0252105782,30880.8415735107,30580.8372059887,36287.9985253944,62405.1473940434,32980.6218272732,34929.0552515343,58590.9515487296,25606.9379221179,42737.212090048,45327.1350974102,48665.5709565802,40081.6174651899,41018.932315685,41218.9352273663
St.4,41401.7691824748,39153.2344930565,34814.8567487064,33707.7946971843,30910.8469652747,21092.9660552061,17796.0110440934,11170.6219710649,6749.50055027991,2562.66343070264,424.253116423457,0,1765.62369356131,3838.34624073729,8132.33582586838,12726.281329704,20151.455954974,23596.9150828509,36105.1645702858,43571.8927168411,43713.3104223154,58125.2741078696,42450.2783270017,30456.5884570872,30156.5840895653,35863.7454089709,61980.8942776199,32556.3687108497,34504.8021351108,58166.6984323061,26031.1910385414,42312.9589736246,44902.8819809867,48241.3178401567,39657.3643487664,41443.1854321085,41643.1883437898
St.3,43167.3928760361,40918.8581866178,36580.4804422677,35473.4183907456,32676.470658836,22858.5897487674,19561.6347376547,12936.2456646262,8515.12424384122,4328.28712426395,2189.87680998476,1765.62369356131,0,2072.72254717598,6366.71213230708,10960.6576361426,18385.8322614127,21831.2913892896,34339.5408767244,41806.2690232798,41947.6867287541,56359.6504143082,44215.902020563,28690.9647635259,28390.960396004,34098.1217154096,60215.2705840586,30790.7450172884,32739.1784415495,56401.0747387448,27796.8147321027,40547.3352800632,43137.2582874254,46475.6941465954,37891.7406552051,43208.8091256698,43408.8120373511
St.2,45240.1154232121,42991.5807337938,38653.2029894437,37546.1409379216,34749.193206012,24931.3122959434,21634.3572848307,15008.9682118022,10587.8467910172,6401.00967143992,4262.59935716074,3838.34624073729,2072.72254717598,0,4293.9895851311,8887.93508896666,16313.1097142368,19758.5688421136,32266.8183295485,39733.5464761038,39874.9641815781,54286.9278671323,46288.624567739,26618.24221635,26318.237848828,32025.399168233602,58142.5480368826,28718.0224701125,30666.4558943735,54328.3521915688,29869.5372792787,38474.6127328873,41064.5357402494,44402.9715994194,35819.0181080291,45281.5316728458,45481.5345845271
St.1,49534.1050083432,47285.5703189249,42947.1925745748,41840.1305230527,39043.1827911431,29225.3018810745,25928.3468699617,19302.9577969333,14881.8363761483,10694.999256571,8556.58894229184,8132.33582586838,6366.71213230708,4293.9895851311,0,4593.94550383556,12019.1201291056,15464.5792569825,27972.8287444174,35439.5568909727,35580.974596447,49992.9382820011,50582.6141528701,22324.2526312189,22024.2482636969,27731.4095831025,53848.5584517515,24424.0328849814,26372.4663092424,50034.3626064377,34163.5268644097,34180.6231477561,36770.5461551183,40108.9820142883,31525.028522898,49575.5212579769,49775.5241696582
St.20,54128.0505121788,51879.5158227605,47541.1380784104,46434.0760268883,43637.1282949787,33819.2473849101,30522.2923737973,23896.9033007689,19475.7818799839,15288.9447604066,13150.5344461274,12726.281329704,10960.6576361426,8887.93508896666,4593.94550383556,0,7425.17462527007,10870.6337531469,23378.8832405818,30845.6113871371,30987.0290926114,45398.9927781655,55176.5596567057,17730.3071273833,17430.3027598614,23137.464079267,49254.6129479159,19830.0873811458,21778.5208054069,45440.4171026021,38757.4723682453,29586.6776439206,32176.6006512827,35515.0365104527,26931.0830190625,54169.4667618125,54369.4696734938
St.17,61553.2251374489,59304.6904480306,54966.3127036805,53859.2506521584,51062.3029202488,41244.4220101802,37947.4669990674,31322.0779260389,26900.9565052539,22714.1193856767,20575.7090713975,20151.455954974,18385.8322614127,16313.1097142368,12019.1201291056,7425.17462527007,0,3445.45912787687,15953.7086153118,23420.4367618671,23561.8544673413,37973.8181528954,62601.7342819758,10305.1325021133,10005.1281345913,15712.289453997,41829.4383226458,12404.9127558758,14353.3461801368,38015.2424773319,46182.6469935155,22161.5030186505,24751.4260260126,28089.8618851826,19505.9083937924,61594.6413870826,61794.6442987639
St.19,64998.6842653258,62750.1495759075,58411.7718315574,57304.7097800353,54507.7620481257,44689.8811380571,41392.9261269443,34767.5370539158,30346.4156331307,26159.5785135535,24021.1681992743,23596.9150828509,21831.2913892896,19758.5688421136,15464.5792569825,10870.6337531469,3445.45912787687,0,12508.249487435,19974.9776339902,20116.3953394645,34528.3590250185,66047.1934098527,6859.67337423643,6559.66900671446,12266.8303261201,38383.9791947689,8959.45362799893,10907.88705226,34569.7833494551,49628.1061213924,18716.0438907737,21305.9668981358,24644.4027573058,16060.4492659156,65040.1005149595,65240.1034266408
St.30,77506.9337527606,75258.3990633423,70920.0213189923,69812.9592674702,67016.0115355606,57198.130625492,53901.1756143793,47275.7865413508,42854.6651205657,38667.8280009884,36529.4176867092,36105.1645702858,34339.5408767244,32266.8183295485,27972.8287444174,23378.8832405818,15953.7086153118,12508.249487435,0,7466.72814655529,7608.14585202956,22020.1095375836,78555.4428972876,5648.57611319853,5948.58048072049,241.419161314839,25875.729707334,13400.9581590318,15349.3915832929,22061.5338620201,62136.3556088273,23157.5484218066,25747.4714291687,29085.9072883387,20501.9537969485,77548.3500023944,77748.3529140757
St.31,84973.6618993158,82725.1272098976,78386.7494655475,77279.6874140255,74482.7396821159,64664.8587720474,61367.9037609346,54742.5146879061,50321.3932671211,46134.5561475438,43996.1458332646,43571.8927168411,41806.2690232798,39733.5464761038,35439.5568909727,30845.6113871371,23420.4367618671,19974.9776339902,7466.72814655529,0,141.417705474266,14553.3813910283,86022.1710438428,13115.3042597538,13415.3086272758,7708.14730787013,18409.0015607787,20867.6863055871,22816.1197298482,14594.8057154649,69603.0837553826,30624.2765683618,33214.1995757239,36552.635434894,27968.6819435037,85015.0781489496,85215.0810606309
St.18,85115.0796047901,82866.5449153719,78528.1671710218,77421.1051194997,74624.1573875902,64806.2764775217,61509.3214664089,54883.9323933804,50462.8109725954,46275.9738530181,44137.5635387389,43713.3104223154,41947.6867287541,39874.9641815781,35580.974596447,30987.0290926114,23561.8544673413,20116.3953394645,7608.14585202956,141.417705474266,0,14411.963685554,86163.588749317,13256.7219652281,13556.7263327501,7849.5650133444,18267.5838553044,21009.1040110614,22957.5374353224,14453.3880099906,69744.5014608568,30765.6942738361,33355.6172811982,36694.0531403682,28110.099648978,85156.4958544238,85356.4987661051
St.33,99527.043290344,97278.5086009258,92940.1308565757,91833.0688050536,89036.1210731441,79218.2401630756,75921.2851519629,69295.8960789345,64874.7746581495,60687.9375385722,58549.527224293,58125.2741078696,56359.6504143082,54286.9278671323,49992.9382820011,45398.9927781655,37973.8181528954,34528.3590250185,22020.1095375836,14553.3813910283,14411.963685554,0,100575.552434871,27668.6856507821,27968.6900183041,22261.5286988984,3855.62016975038,35421.0676966154,37369.5011208764,300.004367521964,84156.4651464107,45177.6579593902,47767.5809667523,51106.0168259223,42522.0633345321,99568.4595399777,99768.462451659
rel_grotenete1,1048.50914452691,3438.45346461651,7635.42157829526,8742.48362981734,11598.0084931311,21357.3122717955,24654.2672829083,31338.2334873408,35783.6264255948,39887.614896299,42026.0252105782,42450.2783270017,44215.902020563,46288.624567739,50582.6141528701,55176.5596567057,62601.7342819758,66047.1934098527,78555.4428972876,86022.1710438428,86163.588749317,100575.552434871,0,72906.866784089,72606.8624165671,78314.0237359727,104431.172604621,75006.6470378515,76955.0804621126,100616.976759307,16419.0872884603,84763.2373006262,87353.1603079883,90691.5961671582,82107.6426757681,1007.09289489321,807.089983211903
St.27,71858.3576395621,69609.8229501439,65271.4452057938,64164.3831542717,61367.4354223621,51549.5545122935,48252.5995011807,41627.2104281522,37206.0890073672,33019.2518877899,30880.8415735107,30456.5884570872,28690.9647635259,26618.24221635,22324.2526312189,17730.3071273833,10305.1325021133,6859.67337423643,5648.57611319853,13115.3042597538,13256.7219652281,27668.6856507821,72906.866784089,0,300.004367521964,5407.1569518836905,31524.3058205325,7752.38204583329,9700.81547009435,27710.1099752186,56487.7794956288,17508.9723086081,20098.8953159701,23437.3311751401,14853.37768375,71899.7738891959,72099.7768008772
St.28,71558.3532720402,69309.8185826219,64971.4408382719,63864.3787867498,61067.4310548401,51249.5501447715,47952.5951336587,41327.2060606302,36906.0846398452,32719.2475202679,30580.8372059887,30156.5840895653,28390.960396004,26318.237848828,22024.2482636969,17430.3027598614,10005.1281345913,6559.66900671446,5948.58048072049,13415.3086272758,13556.7263327501,27968.6900183041,72606.8624165671,300.004367521964,0,5707.16131940565,31824.3101880544,7452.37767831132,9400.81110257238,28010.1143427406,56187.7751281068,17208.9679410861,19798.8909484482,23137.3268076182,14553.373316228,71599.7695216739,71799.7724333552
St.29,77265.5145914458,75016.9799020275,70678.6021576775,69571.5401061554,66774.5923742458,56956.7114641772,53659.7564530644,47034.3673800359,42613.2459592509,38426.4088396736,36287.9985253944,35863.7454089709,34098.1217154096,32025.399168233602,27731.4095831025,23137.464079267,15712.289453997,12266.8303261201,241.419161314839,7708.14730787013,7849.5650133444,22261.5286988984,78314.0237359727,5407.1569518836905,5707.16131940565,0,26117.1488686488,13159.538997717,15107.972421978,22302.953023335,61894.9364475125,22916.1292604917,25506.0522678538,28844.4881270238,20260.5346356336,77306.9308410796,77506.9337527609
St.34,103382.663460094,101134.128770676,96795.751026326,95688.688974804,92891.7412428944,83073.8603328259,79776.9053217132,73151.5162486848,68730.3948278998,64543.5577083226,62405.1473940434,61980.8942776199,60215.2705840586,58142.5480368826,53848.5584517515,49254.6129479159,41829.4383226458,38383.9791947689,25875.729707334,18409.0015607787,18267.5838553044,3855.62016975038,104431.172604621,31524.3058205325,31824.3101880544,26117.1488686488,0,39276.6878663658,41225.1212906268,4097.04740586822,88012.085316161,49033.2781291406,51623.2011365027,54961.6369956727,46377.6835042825,103424.079709728,103624.082621409
St.26,73958.1378933246,71709.6032039064,67371.2254595563,66264.1634080343,63467.2156761246,53649.334766056,50352.3797549432,43726.9906819147,39305.8692611297,35119.0321415524,32980.6218272732,32556.3687108497,30790.7450172884,28718.0224701125,24424.0328849814,19830.0873811458,12404.9127558758,8959.45362799893,13400.9581590318,20867.6863055871,21009.1040110614,35421.0676966154,75006.6470378515,7752.38204583329,7452.37767831132,13159.538997717,39276.6878663658,0,1948.43342426106,35462.4920210519,58587.5597493913,9756.59026277476,12346.5132701369,15684.9491293069,7100.99563791665,73999.5541429584,74199.5570546397
St.25,75906.5713175857,73658.0366281674,69319.6588838173,68212.5968322953,65415.6491003857,55597.7681903171,52300.8131792043,45675.4241061758,41254.3026853908,37067.4655658135,34929.0552515343,34504.8021351108,32739.1784415495,30666.4558943735,26372.4663092424,21778.5208054069,14353.3461801368,10907.88705226,15349.3915832929,22816.1197298482,22957.5374353224,37369.5011208764,76955.0804621126,9700.81547009435,9400.81110257238,15107.972421978,41225.1212906268,1948.43342426106,0,37410.925445313,60535.9931736523,7808.1568385137,10398.0798458758,13736.5157050458,5152.56221365559,75947.9875672194,76147.9904789007
St.32,99568.4676147806,97319.9329253623,92981.5551810123,91874.4931294902,89077.5453975806,79259.6644875121,75962.7094763994,69337.320403371,64916.1989825861,60729.3618630088,58590.9515487296,58166.6984323061,56401.0747387448,54328.3521915688,50034.3626064377,45440.4171026021,38015.2424773319,34569.7833494551,22061.5338620201,14594.8057154649,14453.3880099906,300.004367521964,100616.976759307,27710.1099752186,28010.1143427406,22302.953023335,4097.04740586822,35462.4920210519,37410.925445313,0,84197.8894708472,45219.0822838268,47809.0052911889,51147.4411503589,42563.4876589686,99609.8838644143,99809.8867760956
St.11,15370.5781439334,13122.0434545151,8783.665710165,7676.60365864291,4879.6559267333,4938.22498333526,8235.17999444803,14919.1461988806,19364.5391371346,23468.5276078388,25606.9379221179,26031.1910385414,27796.8147321027,29869.5372792787,34163.5268644097,38757.4723682453,46182.6469935155,49628.1061213924,62136.3556088273,69603.0837553826,69744.5014608568,84156.4651464107,16419.0872884603,56487.7794956288,56187.7751281068,61894.9364475125,88012.085316161,58587.5597493913,60535.9931736523,84197.8894708472,0,68344.1500121661,70934.0730195282,74272.5088786981,65688.555387308,15411.9943935671,15611.9973052484
St.23,83714.7281560993,81466.193466681,77127.815722331,76020.7536708089,73223.8059388993,63405.9250288309,60108.9700177181,53483.5809446896,49062.4595239045,44875.6224043272,42737.212090048,42312.9589736246,40547.3352800632,38474.6127328873,34180.6231477561,29586.6776439206,22161.5030186505,18716.0438907737,23157.5484218066,30624.2765683618,30765.6942738361,45177.6579593902,84763.2373006262,17508.9723086081,17208.9679410861,22916.1292604917,49033.2781291406,9756.59026277476,7808.1568385137,45219.0822838268,68344.1500121661,0,2589.92300736209,5928.35886653209,2655.59462485811,83756.144405733,83956.1473174143
St.22,86304.6511634614,84056.1164740431,79717.7387296931,78610.676678171,75813.7289462614,65995.848036193,62698.8930250802,56073.5039520517,51652.3825312667,47465.5454116894,45327.1350974102,44902.8819809867,43137.2582874254,41064.5357402494,36770.5461551183,32176.6006512827,24751.4260260126,21305.9668981358,25747.4714291687,33214.1995757239,33355.6172811982,47767.5809667523,87353.1603079883,20098.8953159701,19798.8909484482,25506.0522678538,51623.2011365027,12346.5132701369,10398.0798458758,47809.0052911889,70934.0730195282,2589.92300736209,0,3338.43585917,5245.5176322202,86346.0674130951,86546.0703247764
St.21,89643.0870226313,87394.5523332131,83056.174588863,81949.112537341,79152.1648054314,69334.2838953629,66037.3288842502,59411.9398112217,54990.8183904367,50803.9812708594,48665.5709565802,48241.3178401567,46475.6941465954,44402.9715994194,40108.9820142883,35515.0365104527,28089.8618851826,24644.4027573058,29085.9072883387,36552.635434894,36694.0531403682,51106.0168259223,90691.5961671582,23437.3311751401,23137.3268076182,28844.4881270238,54961.6369956727,15684.9491293069,13736.5157050458,51147.4411503589,74272.5088786981,5928.35886653209,3338.43585917,0,8583.9534913902,89684.5032722651,89884.5061839464
St.24,81059.1335312412,78810.5988418229,74472.2210974729,73365.1590459508,70568.2113140412,60750.3304039727,57453.3753928599,50827.9863198314,46406.8648990464,42220.0277794691,40081.6174651899,39657.3643487664,37891.7406552051,35819.0181080291,31525.028522898,26931.0830190625,19505.9083937924,16060.4492659156,20501.9537969485,27968.6819435037,28110.099648978,42522.0633345321,82107.6426757681,14853.37768375,14553.373316228,20260.5346356336,46377.6835042825,7100.99563791665,5152.56221365559,42563.4876589686,65688.555387308,2655.59462485811,5245.5176322202,8583.9534913902,0,81100.549780875,81300.5526925563
rel_grotenete3,99.9933810378425,2431.3605697233,6628.32868340205,7735.39073492413,10590.9155982379,20350.2193769023,23647.1743880151,30331.1405924476,34776.5335307016,38880.5220014058,41018.932315685,41443.1854321085,43208.8091256698,45281.5316728458,49575.5212579769,54169.4667618125,61594.6413870826,65040.1005149595,77548.3500023944,85015.0781489496,85156.4958544238,99568.4595399777,1007.09289489321,71899.7738891959,71599.7695216739,77306.9308410796,103424.079709728,73999.5541429584,75947.9875672194,99609.8838644143,15411.9943935671,83756.144405733,86346.0674130951,89684.5032722651,81100.549780875,0,200.002911681309
rel_grotenete2,241.419161315003,2631.36348140461,6828.33159508335,7935.39364660544,10790.9185099192,20550.2222885836,23847.1772996964,30531.1435041289,34976.5364423829,39080.5249130871,41218.9352273663,41643.1883437898,43408.8120373511,45481.5345845271,49775.5241696582,54369.4696734938,61794.6442987639,65240.1034266408,77748.3529140757,85215.0810606309,85356.4987661051,99768.462451659,807.089983211903,72099.7768008772,71799.7724333552,77506.9337527609,103624.082621409,74199.5570546397,76147.9904789007,99809.8867760956,15611.9973052484,83956.1473174143,86546.0703247764,89884.5061839464,81300.5526925563,200.002911681309,0
