Station.name,ws-53A,ws-borssele,ws-WN2,ws-42A,ws-HW6,ws-18,ws-16,ws-12A,ws-15,ws-6,ws-55,ws-13,ws-PVTSS,ws-4,ws-F42,ws-OGDL,ws-OG10,ws-11,ws-15A,ws-A1,ws-W7,ws-A3,ws-2C,ws-25A,ws-TRAWL,ws-F53,ws-12,ws-14,ws-A5,ws-STEEN,ws-25B,ws-23,ws-PPC,ws-DL12,ws-DL7,ws-25,ws-53,acoustic_project_code,Latitude,Longitude,Type,Array,Section
gn-14,124636.91354363,150210.858381889,166726.886760869,124875.449618192,125913.932741057,142004.24205228,143114.179115753,144758.372548742,147763.924003773,147371.08533973,124122.67691822701,148716.683465814,148368.144138157,147761.048991823,125024.002183775,164884.091402011,165639.74718873,149023.798469035,147353.940607565,147326.786003344,166398.367177326,146816.809226098,148472.397367352,144238.38589944,166682.587424482,125185.439633363,145509.7604125,143965.560360548,146348.256773288,165764.117426771,143087.024511531,145514.020260658,147196.763006134,165766.887099186,167915.307285522,144738.352804628,124985.452871287,2019_Grotenete,51.138267,4.996319,Hydrophone,A1,River
gn-13,122388.378854212,147962.323692471,164478.352071451,122626.914928774,123665.398051638,139755.707362862,140865.644426334,142509.837859324,145515.389314355,145122.550650311,121874.142228809,146468.148776396,146119.609448738,145512.514302405,122775.467494356,162635.556712593,163391.212499312,146775.263779616,145105.405918147,145078.251313925,164149.832487908,144568.274536679,146223.862677934,141989.851210021,164434.052735064,122936.904943945,143261.225723082,141717.025671129,144099.72208387,163515.582737353,140838.489822112,143265.48557124,144948.228316716,163518.352409768,165666.772596103,142489.81811521,122736.918181869,2019_Grotenete,51.119771,4.990306,Hydrophone,A1,River
gn-11,118050.001109862,143623.945948121,160139.974327101,118288.537184424,119327.020307288,135417.329618512,136527.266681984,138171.460114974,141177.011570005,140784.172905961,117535.764484459,142129.771032046,141781.231704388,141174.136558055,118437.089750006,158297.178968243,159052.834754961,142436.886035266,140767.028173797,140739.873569575,159811.454743558,140229.896792329,141885.484933584,137651.473465671,160095.674990714,118598.527199595,138922.847978732,137378.647926779,139761.34433952,159177.204993003,136500.112077762,138927.10782689,140609.850572366,159179.974665417,161328.394851753,138151.44037086,118398.540437519,2019_Grotenete,51.09592,4.957142,Hydrophone,A1,River
gn-10,116942.93905834,142516.883896599,159032.912275578,117181.475132902,118219.958255766,134310.26756699,135420.204630462,137064.398063452,140069.949518483,139677.110854439,116428.702432937,141022.708980524,140674.169652866,140067.074506533,117330.027698484,157190.11691672,157945.772703439,141329.823983744,139659.966122275,139632.811518053,158704.392692036,139122.834740807,140778.422882062,136544.411414149,158988.612939192,117491.465148073,137815.78592721,136271.585875257,138654.282287998,158070.142941481,135393.05002624,137820.045775368,139502.788520844,158072.912613895,160221.332800231,137044.378319338,117291.478385997,2019_Grotenete,51.091558,4.945793,Hydrophone,A1,River
gn-9,114145.991326431,139719.936164689,156235.964543669,114384.527400992,115423.010523857,131513.31983508,132623.256898553,134267.450331542,137273.001786573,136880.16312253,113631.754701027,138225.761248614,137877.221920957,137270.126774623,114533.079966575,154393.169184811,155148.82497153,138532.876251835,136863.018390365,136835.863786144,155907.444960126,136325.887008897,137981.475150152,133747.463682239,156191.665207282,114694.517416163,135018.8381953,133474.638143347,135857.334556088,155273.195209571,132596.102294331,135023.098043458,136705.840788934,155275.964881986,157424.385068322,134247.430587428,114494.530654088,2019_Grotenete,51.081153,4.913762,Hydrophone,A1,River
gn-7,104328.110416362,129902.055254621,146418.0836336,104566.646490924,105605.129613788,121695.438925012,122805.375988484,124449.569421474,127455.120876505,127062.282212461,103813.873790959,128407.880338545,128059.341010888,127452.245864554,104715.199056506,144575.288274742,145330.944061461,128714.995341766,127045.137480296,127017.982876075,146089.564050057,126508.006098829,128163.594240083,123929.582772171,146373.784297213,104876.636506094,125200.957285231,123656.757233279,126039.45364602,145455.314299502,122778.221384262,125205.217133389,126887.959878866,145458.083971917,147606.504158253,124429.549677359,104676.649744019,2019_Grotenete,51.061848,4.787587,Hydrophone,A1,River
gn-6,101031.155405249,126605.100243508,143121.128622487,101269.691479811,102308.174602675,118398.483913899,119508.420977371,121152.614410361,124158.165865392,123765.327201348,100516.918779846,125110.925327433,124762.385999775,124155.290853442,101418.244045393,141278.333263629,142033.989050348,125418.040330653,123748.182469184,123721.027864962,142792.609038944,123211.051087716,124866.639228971,120632.627761058,143076.829286101,101579.681494982,121904.002274119,120359.802222166,122742.498634907,142158.359288389,119481.266373149,121908.262122277,123591.004867753,142161.128960804,144309.54914714,121132.594666247,101379.694732906,2019_Grotenete,51.078636,4.757592,Hydrophone,A1,River
gn-5,94405.766332221,119979.711170479,136495.739549459,94644.3024067828,95682.7855296471,111773.094840871,112883.031904343,114527.225337332,117532.776792363,117139.93812832,93891.5297068179,118485.536254404,118136.996926747,117529.901780413,94792.854972365,134652.944190601,135408.59997732,118792.651257625,117122.793396155,117095.638791934,136167.219965916,116585.662014688,118241.250155942,114007.23868803,136451.440213072,94954.2924219534,115278.61320109,113734.413149138,116117.109561878,135532.970215361,112855.877300121,115282.873049248,116965.615794725,135535.739887776,137684.160074111,114507.205593218,94754.305659878,2019_Grotenete,51.125942,4.718199,Hydrophone,A1,River
gn-4,89984.644911436,115558.589749694,132074.618128674,90223.1809859979,91261.6641088621,107351.973420086,108461.910483558,110106.103916547,113111.655371578,112718.816707535,89470.4082860329,114064.414833619,113715.875505962,113108.780359628,90371.73355158,130231.822769816,130987.478556534,114371.52983684,112701.67197537,112674.517371149,131746.098545131,112164.540593903,113820.128735157,109586.117267245,132030.318792287,90533.1710011684,110857.491780305,109313.291728353,111695.988141093,131111.848794576,108434.755879336,110861.751628463,112544.49437394,131114.61846699,133263.038653326,110086.084172433,90333.184239093,2019_Grotenete,51.135075,4.664932,Hydrophone,A1,River
gn-3,85797.8077918588,111371.752630117,127887.781009096,86036.3438664206,87074.8269892849,103165.136300508,104275.073363981,105919.26679697,108924.818252001,108531.979587958,85283.5711664557,109877.577714042,109529.038386385,108921.943240051,86184.8964320028,126044.985650238,126800.641436957,110184.692717263,108514.834855793,108487.680251572,127559.261425553,107977.703474326,109633.29161558,105399.280147667,127843.48167271,86346.3338815912,106670.654660728,105126.454608776,107509.151021516,126925.011674999,104247.918759759,106674.914508886,108357.657254362,126927.781347413,129076.201533749,105899.247052856,86146.3471195158,2019_Grotenete,51.130352,4.617316,Hydrophone,A1,River
gn-2,83659.3974775796,109233.342315838,125749.370694817,83897.9335521415,84936.4166750058,101026.725986229,102136.663049702,103780.856482691,106786.407937722,106393.569273678,83145.1608521765,107739.167399763,107390.628072105,106783.532925772,84046.4861177237,123906.575335959,124662.231122678,108046.282402983,106376.424541514,106349.269937292,125420.851111274,105839.293160046,107494.881301301,103260.869833388,125705.07135843,84207.9235673121,104532.244346449,102988.044294497,105370.740707237,124786.601360719,102109.50844548,104536.504194607,106219.246940083,124789.371033134,126937.79121947,103760.836738577,84007.9368052366,2019_Grotenete,51.135829,4.5937,Hydrophone,A1,River
gn-1,83235.1443611562,108809.089199415,125325.117578394,83473.680435718,84512.1635585823,100602.472869806,101712.409933278,103356.603366268,106362.154821299,105969.316157255,82720.9077357531,107314.91428334,106966.374955682,106359.279809349,83622.2330013002,123482.322219536,124237.978006255,107622.02928656,105952.17142509,105925.016820869,124996.597994851,105415.040043623,107070.628184878,102836.616716965,125280.818242007,83783.6704508886,104107.991230026,102563.791178073,104946.487590814,124362.348244296,101685.255329056,104112.251078183,105794.99382366,124365.117916711,126513.538103046,103336.583622153,83583.6836888132,2019_Grotenete,51.133464,4.588822,Hydrophone,A1,River
bn-3,81469.5206675949,107043.465505853,123559.493884832,81708.0567421567,82746.539865021,98836.8491762446,99946.7862397169,101590.979672706,104596.531127737,104203.692463694,80955.2840421918,105549.290589778,105200.751262121,104593.656115787,81856.6093077389,121716.698525975,122472.354312693,105856.405592999,104186.547731529,104159.393127308,123230.974301289,103649.416350062,105305.004491316,101070.993023404,123515.194548446,82018.0467573273,102342.367536464,100798.167484512,103180.863897252,122596.724550735,99919.6316354948,102346.627384622,104029.370130098,122599.494223149,124747.914409485,101570.959928592,81818.0599952519,2019_Grotenete,51.126391,4.571903,Hydrophone,A1,River
bn-2,79396.7981204189,104970.742958677,121486.771337656,79635.3341949808,80673.8173178451,96764.1266290686,97874.0636925409,99518.2571255304,102523.808580561,102130.969916518,78882.5614950158,103476.568042602,103128.028714945,102520.933568611,79783.8867605629,119643.975978799,120399.631765517,103783.683045823,102113.825184353,102086.670580132,121158.251754114,101576.693802886,103232.28194414,98998.2704762276,121442.47200127,79945.3242101513,100269.644989288,98725.4449373358,101108.141350076,120524.002003559,97846.9090883189,100273.904837446,101956.647582923,120526.771675973,122675.191862309,99498.2373814162,79745.3374480759,2019_Grotenete,51.117416,4.549158,Hydrophone,A1,River
bn-1,75102.8085352879,100676.753373546,117192.781752525,75341.3446098498,76379.8277327141,92470.1370439376,93580.0741074099,95224.2675403993,98229.8189954304,97836.9803313868,74588.5719098848,99182.5784574713,98834.0391298137,98226.9439834803,75489.8971754319,115349.986393668,116105.642180386,99489.6934606917,97819.8355992221,97792.6809950007,116864.262168983,97282.7042177547,98938.2923590093,94704.2808910966,117148.482416139,75651.3346250203,95975.6554041572,94431.4553522048,96814.1517649454,116230.012418428,93552.9195031878,95979.9152523151,97662.6579977915,116232.782090842,118381.202277178,95204.2477962852,75451.3478629449,2019_Grotenete,51.093001,4.506837,Hydrophone,A1,River
bn-Walem,70508.8630314524,96082.8078697109,112598.83624869,70747.3991060143,71785.8822288786,87876.1915401021,88986.1286035744,90630.3220365639,93635.8734915949,93243.0348275513,69994.6264060493,94588.6329536358,94240.0936259782,93632.9984796448,70895.9516715964,110756.040889832,111511.696676551,94895.7479568563,93225.8900953866,93198.7354911653,112270.316665147,92688.7587139192,94344.3468551738,90110.3353872611,112554.536912303,71057.3891211848,91381.7099003217,89837.5098483693,92220.2062611099,111636.066914592,88958.9739993524,91385.9697484796,93068.712493956,111638.836587007,113787.256773343,90610.3022924497,70857.4023591094,zeeschelde,51.07183,4.45474,Hydrophone,A1,River
ru-1,63083.6884061824,88657.6332444409,105173.66162342,63322.2244807443,64360.7076036086,80451.0169148321,81560.9539783044,83205.1474112939,86210.6988663249,85817.8602022813,62569.4517807793,87163.4583283659,86814.9190007083,86207.8238543748,63470.7770463264,103330.866264562,104086.522051281,87470.5733315863,85800.7154701167,85773.5608658953,104845.142039877,85263.5840886493,86919.1722299039,82685.1607619911,105129.362287033,63632.2144959148,83956.5352750518,82412.3352230993,84795.0316358399,104210.892289322,81533.7993740824,83960.7951232097,85643.537868686,104213.661961737,106362.082148073,83185.1276671798,63432.2277338394,2019_Grotenete,51.082273,4.366215,Hydrophone,A1,River
me-7-2b,59638.2292783056,85212.1741165641,101728.202495543,59876.7653528674,60915.2484757317,77005.5577869553,78115.4948504276,79759.6882834171,82765.2397384481,82372.4010744045,59123.9926529024,83717.9992004891,83369.4598728315,82762.364726498,60025.3179184496,99885.4071366853,100641.062923404,84025.1142037095,82355.2563422399,82328.1017380185,101399.682912,81818.1249607725,83473.7131020271,79239.7016341143,101683.903159156,60186.755368038,80511.076147175,78966.8760952226,81349.5725079632,100765.433161445,78088.3402462056,80515.3359953329,82198.0787408092,100768.20283386,102916.623020196,79739.668539303,59986.7686059625,dijle,51.1008,4.330483,Hydrophone,A1,River
s-9a,47129.9797908706,72703.9246291292,89219.9530081083,47368.5158654324,48406.9989882967,64497.3082995204,65607.2453629927,67251.4387959822,70256.9902510132,69864.1515869696,46615.7431654675,71209.7497130542,70861.2103853966,70254.1152390631,47517.0684310146,87377.1576492504,88132.8134359692,71516.8647162746,69847.006854805,69819.8522505836,88891.4334245653,69309.8754733376,70965.4636145922,66731.4521466794,89175.6536717216,47678.505880603,68002.8266597401,66458.6266077876,68841.3230205282,88257.1836740105,65580.0907587707,68007.086507898,69689.8292533743,88259.9533464251,90408.373532761,67231.4190518681,47478.5191185275,zeeschelde,51.19068,4.33602,Hydrophone,A1,River
s-10a,39663.2516443152,65237.196482574,81753.2248615531,39901.7877188771,40940.2708417414,57030.5801529651,58140.5172164374,59784.7106494269,62790.262104458,62397.4234404144,39149.0150189121,63743.021566499,63394.4822388414,62787.3870925079,40050.3402844592,79910.4295026952,80666.085289414,64050.1365697194,62380.2787082497,62353.1241040283,81424.7052780102,61843.1473267823,63498.7354680369,59264.7240001241,81708.9255251664,40211.7777340476,60536.0985131848,58991.8984612323,61374.594873973,80790.4555274553,58113.3626122153,60540.3583613427,62223.1011068191,80793.22519987,82941.6453862058,59764.6909053127,40011.7909719722,zeeschelde,51.235423,4.396673,Hydrophone,A1,River
ak-41,39521.833938841,65095.7787770998,81611.8071560788,39760.3700134028,40798.8531362671,56889.1624474908,57999.0995109631,59643.2929439526,62648.8443989837,62256.0057349401,39007.5973134378,63601.6038610247,63253.0645333671,62645.9693870336,39908.922578985,79769.011797221,80524.6675839397,63908.7188642451,62238.8610027754,62211.7063985541,81283.2875725359,61701.729621308,63357.3177625627,59123.3062946499,81567.5078196921,40070.3600285734,60394.6808077105,58850.4807557581,61233.1771684987,80649.037821981,57971.9449067411,60398.9406558684,62081.6834013448,80651.8074943957,82800.2276807316,59623.2731998385,39870.3732664979,albert,51.239128,4.397469,Hydrophone,A1,River
s-12,25109.8702532869,50683.8150915457,67199.843470525,25348.4063278487,26386.8894507131,42477.1987619367,43587.135825409,45231.3292583985,48236.8807134296,47844.042049386,24595.6336278838,49189.6401754706,48841.100847813,48234.0057014795,25496.9588934309,65357.0481116671,66112.7038983858,49496.755178691,47826.8973172213,47799.7427129999,66871.323886982,47289.7659357539,48945.3540770086,44711.3426090957,67155.5441341383,25658.3963430193,45982.7171221564,44438.5170702039,46821.2134829446,66237.0741364272,43559.981221187,45986.9769703143,47669.7197157907,66239.8438088418,68388.2639951777,45211.3095142844,25458.4095809439,zeeschelde,51.30305,4.28731,Hydrophone,A1,River
ws-53A,0,25988.1880826241,42504.2164616033,1424.26767482934,2682.8703511249,17781.5717530151,18891.5088164874,20535.7022494769,23541.253704508,23148.4150404644,1041.43080804016,24494.013166549,24145.4738388914,23538.3786925579,2065.69265950754,40661.4211027454,41417.0768894642,24801.1281697694,23131.2703082997,23104.1157040783,42175.6968780604,22594.1389268323,24249.727068087,20015.7156001741,42459.9171252166,724.257483944762,21287.0901132348,19742.8900612823,22125.586474023,41541.4471275055,18864.3542122654,21291.3499613927,22974.0927068691,41544.2167999202,43692.6369862561,20515.6825053628,641.424984677539,NA,NA,NA,NA,NA,NA
ws-borssele,25988.1880826241,0,17106.0030175571,26826.6844434122,26865.2337558993,12389.1851591305,11109.3474733755,9139.59021682185,5082.90529130127,4831.39550989958,26088.1814636618,2782.87180696556,3424.29679164376,4089.96906938139,27175.2237710699,14848.9644143338,15604.6202010525,2241.44827812867,6072.82922962105,7138.50733072205,18434.456411477,8169.84751867552,1972.76954015355,10995.1893445614,16647.4604368049,25936.7538861301,8125.41898544189,10053.7599923612,9301.18916246957,17965.9039586683,12175.0255744758,10115.3574821689,9652.70039971257,15731.7601115085,17880.1802978444,10788.1080963933,26136.7406482055,NA,NA,NA,NA,NA,NA
ws-WN2,42504.2164616033,17106.0030175571,0,43342.7128223915,43381.2621348785,28202.2879612602,26512.4103556763,23956.8817850817,18962.9627570954,19355.8014211389,42604.209842641,18010.2032950543,18358.7426227119,18965.8377690454,43691.2521500491,5449.62697080308,6566.81194162437,17703.0882918339,19952.8866954151,20725.6791394955,2207.11036498173,21815.5964588531,18254.4893935163,25636.7495186089,1307.09726241526,42452.7822651094,22708.4020280853,25163.9372176416,22946.9381026471,2924.28951244048,27285.2027997561,24112.5692107711,22595.5237630408,5318.29988541558,5131.39987742097,25136.7826134202,42652.7690271848,NA,NA,NA,NA,NA,NA
rel_grotenete1,125685.422688158,151259.367526417,167775.395905396,125923.958762719,126962.441885584,143052.751196807,144162.68826028,145806.881693269,148812.4331483,148419.594484257,125171.186062754,149765.192610341,149416.653282684,148809.55813635,126072.511328301,165932.600546538,166688.256333257,150072.307613562,148402.449752092,148375.295147871,167446.876321853,147865.318370625,149520.906511879,145286.895043966,167731.096569009,126233.94877789,146558.269557027,145014.069505075,147396.765917815,166812.626571298,144135.533656058,146562.529405185,148245.272150661,166815.396243713,168963.816430049,145786.861949155,126033.962015814,2019_Grotenete,51.144779,5.003906,Release,A1,River
s-8,52778.5559040692,78352.5007423276,94868.5291213069,53017.091978631,54055.5751014953,70145.884412719,71255.8214761913,72900.0149091807,75905.5663642117,75512.7277001681,52264.319278666,76858.3258262527,76509.7864985951,75902.6913522616,53165.6445442131,93025.7337624489,93781.3895491677,77165.4408294731,75495.5829680035,75468.4283637821,94540.0095377639,74958.4515865361,76614.0397277907,72380.028259878,94824.2297849201,53327.0819938015,73651.4027729386,72107.2027209862,74489.8991337268,93905.759787209,71228.6668719692,73655.6626210965,75338.4053665729,93908.5294596237,96056.9496459595,72879.9951650666,53127.0952317261,zeeschelde,51.14319,4.33078,Hydrophone,A1,River
s-8a,53078.5602715911,78652.5051098496,95168.5334888289,53317.0963461529,54355.5794690172,70445.8887802409,71555.8258437132,73200.0192767027,76205.5707317337,75812.7320676901,52564.323646188,77158.3301937747,76809.7908661171,76202.6957197836,53465.6489117351,93325.7381299709,94081.3939166896,77465.4451969951,75795.5873355255,75768.4327313041,94840.0139052858,75258.455954058,76914.0440953126,72680.0326273999,95124.2341524421,53627.0863613235,73951.4071404606,72407.2070885081,74789.9035012487,94205.764154731,71528.6712394912,73955.6669886184,75638.4097340948,94208.5338271456,96356.9540134815,73179.9995325885,53427.099599248,zeeschelde,51.14222,4.32646,Hydrophone,A1,River
s-9,47371.3989521854,72945.3437904439,89461.3721694232,47609.9350267473,48648.4181496116,64738.7274608353,65848.6645243076,67492.857957297,70498.4094123281,70105.5707482845,46857.1623267823,71451.168874369,71102.6295467114,70495.5344003779,47758.4875923294,87618.5768105652,88374.232597284,71758.2838775894,70088.4260161198,70061.2714118984,89132.8525858802,69551.2946346524,71206.882775907,66972.8713079943,89417.0728330364,47919.9250419178,68244.2458210549,66700.0457691025,69082.7421818431,88498.6028353253,65821.5099200855,68248.5056692128,69931.2484146892,88501.37250774,90649.7926940759,67472.8382131829,47719.9382798424,zeeschelde,51.19069,4.32954,Hydrophone,A1,River
s-STD3,21254.2500835365,46828.1949217953,63344.2233007745,21492.7861580984,22531.2692809627,38621.5785921863,39731.5156556586,41375.7090886481,44381.2605436792,43988.4218796356,20740.0134581334,45334.0200057202,44985.4806780626,44378.3855317291,21641.3387236806,61501.4279419167,62257.0837286355,45641.1350089406,43971.2771474709,43944.1225432495,63015.7037172317,43434.1457660035,45089.7339072582,40855.7224393453,63299.9239643879,21802.776173269,42127.096952406,40582.8969004535,42965.5933131942,62381.4539666768,39704.3610514366,42131.3568005639,43814.0995460403,62384.2236390915,64532.6438254274,41355.689344534,21602.7894111935,zeeschelde,51.330504,4.270161,Hydrophone,A1,River
ws-42A,1424.26767482934,26826.6844434122,43342.7128223915,0,1507.10017409723,18620.0681138033,19730.0051772756,21374.1986102651,24379.7500652962,23986.9114012526,2382.86598360228,25332.5095273372,24983.9701996795,24376.8750533461,641.424984678198,41499.9174635336,42255.5732502524,25639.6245305576,23969.7666690879,23942.6120648665,43014.1932388486,23432.6352876205,25088.2234288751,20854.2119609623,43298.4134860049,948.507688686251,22125.586474023,20581.3864220705,22964.0828348112,42379.9434882937,19702.8505730535,22129.8463221808,23812.5890676573,42382.7131607084,44531.1333470443,21354.1788661509,865.675189419029,NA,NA,NA,NA,NA,NA
ws-HW6,2682.8703511249,26865.2337558993,43381.2621348785,1507.10017409723,0,18658.6174262904,19768.5544897626,21412.7479227521,24418.2993777832,24025.4607137396,3724.30115916506,25371.0588398242,25022.5195121666,24415.4243658331,948.507688686251,41538.4667760207,42294.1225627395,25678.1738430446,24008.3159815749,23981.1613773536,43052.7425513357,23471.1846001075,25126.7727413622,20892.7612734494,43336.9627984919,2041.44536644736,22164.13578651,20619.9357345576,23002.6321472982,42418.4928007808,19741.3998855406,22168.3956346679,23851.1383801443,42421.2624731955,44569.6826595314,21392.728178638,2041.44536644736,NA,NA,NA,NA,NA,NA
ws-18,17781.5717530151,12389.1851591305,28202.2879612602,18620.0681138033,18658.6174262904,0,1689.87760558383,4245.40617617853,9239.3252041648,8846.48654012126,17881.5651340529,10192.0846662059,9843.54533854826,9236.45019221477,18968.607441461,26359.4926024022,27115.148389121,10499.1996694263,8249.40126584505,7476.60882176463,27873.7683777172,6386.69150240704,10416.415618977,2565.53844265132,28157.9886248734,17730.1375565212,5493.88593317491,3038.35074361856,5255.34985861307,27239.5186271623,1082.78245925022,4089.7187504891,5606.76419821941,27242.288299577,29390.7084859129,3065.50534783995,17930.1243185966,NA,NA,NA,NA,NA,NA
ws-16,18891.5088164874,11109.3474733755,26512.4103556763,19730.0051772756,19768.5544897626,1689.87760558383,0,2555.5285705947,7549.44759858097,7156.60893453743,18991.5021975251,8502.20706062216,8153.66773296443,7546.57258663094,20078.5445049332,24669.6149968184,25425.2707835372,8867.8991952468,6559.52366026122,5786.7312161808,26183.8907721334,4696.81389682322,9136.57793322192,1124.20678368673,26468.1110192896,18840.0746199934,3804.00832759108,1348.47313803474,3565.47225302924,25549.6410215785,1065.67810110034,2399.84114490531,4082.58389038174,25552.4106939932,27700.8308803291,1624.17368887536,19040.0613820689,NA,NA,NA,NA,NA,NA
ws-12A,20535.7022494769,9139.59021682185,23956.8817850817,21374.1986102651,21412.7479227521,4245.40617617853,2555.5285705947,0,4993.91902798628,4601.08036394274,20635.6956305146,6356.7184098563,5715.2934251781,5049.62114744046,21722.7379379227,22114.0864262238,22869.7422129425,6898.14193869318,4003.99508966653,3231.20264558611,23628.3622015387,2141.28532622852,7166.8206766683,1855.59912773955,23912.5824486949,20484.2680529829,1248.47975699638,1207.05543255996,1589.8842245461,22994.1124509838,3328.32101467446,1224.26476314869,2438.39045739224,22996.8821233985,25145.3023097344,1648.51787957149,20684.2548150584,NA,NA,NA,NA,NA,NA
ws-15,23541.253704508,5082.90529130127,18962.9627570954,24379.7500652962,24418.2993777832,9239.3252041648,7549.44759858097,4993.91902798628,0,807.08190840894,23641.2470855457,2300.03348433599,1741.44099892474,1407.09871825583,24728.2893929538,17120.1673982375,17875.8231849563,2841.4570131726,989.923938319781,2055.60203942078,18634.4431735524,3086.94222737425,3689.96324601812,6673.78676151348,18918.6634207087,23489.8195080141,3745.4392709899,6200.97446054624,4218.2838711683,18000.1934229976,8322.24004266073,5149.60645367577,4569.7951084113,18002.9630954123,20151.3832817482,6173.81985632485,23689.8062700895,NA,NA,NA,NA,NA,NA
ws-6,23148.4150404644,4831.39550989958,19355.8014211389,23986.9114012526,24025.4607137396,8846.48654012126,7156.60893453743,4601.08036394274,807.08190840894,0,23248.4084215021,2048.52370293403,1407.09871825583,741.426440518194,24335.4507289102,17513.0060622811,18268.6618489998,2589.94723177091,1241.43371972147,2307.11182082246,19027.281837596,3338.45200877594,2941.45846901326,6280.94809746998,19311.5020847522,23096.9808439705,3352.60060694639,5808.1357965027,4469.79365256998,18393.0320870411,7929.4013786172,5283.96197226929,4821.30488981298,18395.8017594558,20544.2219457917,5956.71258649376,23296.9676060459,NA,NA,NA,NA,NA,NA
s-7,60530.9379499025,86104.8827881609,102620.91116714,60769.4740244644,61807.9571473287,77898.2664585519,79008.2035220242,80652.3969550138,83657.948410045,83265.1097460014,60016.7013244993,84610.7078720859,84262.1685444283,83655.0733980948,60918.0265900465,100778.115808282,101533.771595001,84917.8228753063,83247.9650138367,83220.8104096153,102292.391583597,82710.8336323693,84366.4217736239,80132.4103057112,102576.611830753,61079.4640396349,81403.7848187718,79859.5847668194,82242.28117956,101658.141833042,78981.0489178024,81408.0446669297,83090.7874124061,101660.911505457,103809.331691793,80632.3772108998,60879.4772775594,zeeschelde,51.11414,4.24123,Hydrophone,A1,River
s-6,62479.3713741635,88053.3162124219,104569.344591401,62717.9074487254,63756.3905715897,79846.6998828129,80956.6369462852,82600.8303792748,85606.381834306,85213.5431702624,61965.1347487604,86559.1412963469,86210.6019686893,85603.5068223559,62866.4600143075,102726.549232543,103482.205019262,86866.2562995674,85196.3984380977,85169.2438338763,104240.825007858,84659.2670566303,86314.8551978849,82080.8437299722,104525.045255014,63027.8974638959,83352.2182430328,81808.0181910804,84190.714603821,103606.575257303,80929.4823420634,83356.4780911907,85039.2208366671,103609.344929718,105757.765116054,82580.8106351608,62827.9107018205,zeeschelde,51.12287,4.2184,Hydrophone,A1,River
ws-55,1041.43080804016,26088.1814636618,42604.209842641,2382.86598360228,3724.30115916506,17881.5651340529,18991.5021975251,20635.6956305146,23641.2470855457,23248.4084215021,0,24594.0065475867,24245.4672199291,23638.3720735956,3024.29096828048,40761.4144837831,41517.0702705019,24901.1215508071,23231.2636893375,23204.1090851161,42275.6902590981,22694.13230787,24349.7204491247,20115.7089812119,42559.9105062544,1765.68829198492,21387.0834942725,19842.8834423201,22225.5798550607,41641.4405085432,18964.3475933031,21391.3433424304,23074.0860879068,41644.2101809579,43792.6303672938,20615.6758864005,1682.8557927177,NA,NA,NA,NA,NA,NA
ws-13,24494.013166549,2782.87180696556,18010.2032950543,25332.5095273372,25371.0588398242,10192.0846662059,8502.20706062216,6356.7184098563,2300.03348433599,2048.52370293403,24594.0065475867,0,641.424984678198,1307.09726241583,25681.0488549948,16167.4079361964,16923.0637229152,541.423528836885,3289.9574226555,4355.63552375649,17681.6837115115,5386.97571170997,1389.9297616824,8212.31753759584,17965.9039586676,24442.5789700551,5342.54717847634,7270.88818539568,6518.31735550401,17047.4339609567,9392.15376751025,7332.48567520332,6869.82859274701,17050.2036333712,19198.6238197071,8005.23628942779,24642.5657321305,NA,NA,NA,NA,NA,NA
s-11,25351.2974894048,50925.2423276635,67441.2707066427,25589.8335639666,26628.3166868309,42718.6259980546,43828.5630615268,45472.7564945163,48478.3079495474,48085.4692855038,24837.0608640016,49431.0674115884,49082.5280839308,48475.4329375973,25738.3861295488,65598.4753477849,66354.1311345037,49738.1824148089,48068.3245533392,48041.1699491178,67112.7511230999,47531.1931718718,49186.7813131264,44952.7698452136,67396.9713702561,25899.8235791372,46224.1443582743,44679.9443063218,47062.6407190624,66478.501372545,43801.4084573048,46228.4042064321,47911.1469519086,66481.2710449597,68629.6912312955,45452.7367504022,25699.8368170617,zeeschelde,51.29646,4.2857,Hydrophone,A1,River
ws-PVTSS,24145.4738388914,3424.29679164376,18358.7426227119,24983.9701996795,25022.5195121666,9843.54533854826,8153.66773296443,5715.2934251781,1741.44099892474,1407.09871825583,24245.4672199291,641.424984678198,0,665.672277737637,25332.5095273372,16515.9472638541,17271.6030505728,1182.84851351508,2648.5324379773,3714.21053907829,18030.223039169,4745.55072703177,1948.52224709337,7570.89255291765,18314.4432863252,24094.0396423974,4701.12219379814,6805.19459492973,5876.89237082581,17395.9732886141,8926.4601770443,6691.06069052512,6228.40360806881,17398.7429610288,19547.1631473647,7363.81130474959,24294.0264044729,NA,NA,NA,NA,NA,NA
ws-4,23538.3786925579,4089.96906938139,18965.8377690454,24376.8750533461,24415.4243658331,9236.45019221477,7546.57258663094,5049.62114744046,1407.09871825583,741.426440518194,23638.3720735956,1307.09726241583,665.672277737637,0,24725.4143810037,17123.0424101876,17878.6981969063,1848.52079125272,1982.86016023966,3048.53826134066,18637.3181855025,4079.87844929413,2282.86452776228,6905.22027518001,18921.5384326587,23486.944496064,4035.4499160605,6198.09944859621,5211.22009308818,18003.0684349476,8319.36503071074,6025.38841278749,5562.73133033118,18005.8381073623,20154.2582936982,6698.13902701195,23686.9312581394,NA,NA,NA,NA,NA,NA
gn-8,109266.335399697,134840.280237956,151356.308616935,109504.871474259,110543.354597123,126633.663908347,127743.600971819,129387.794404809,132393.34585984,132000.507195796,108752.098774294,133346.105321881,132997.565994223,132390.47084789,109653.424039841,149513.513258077,150269.169044796,133653.220325101,131983.362463632,131956.20785941,151027.789033393,131446.231082164,133101.819223419,128867.807755506,151312.009280549,109814.86148943,130139.182268567,128594.982216614,130977.678629355,150393.539282838,127716.446367597,130143.442116724,131826.184862201,150396.308955252,152544.729141588,129367.774660695,109614.874727354,2019_Grotenete,51.070653,4.851284,Hydrophone,A1,River
ws-F42,2065.69265950754,27175.2237710699,43691.2521500491,641.424984678198,948.507688686251,18968.607441461,20078.5445049332,21722.7379379227,24728.2893929538,24335.4507289102,3024.29096828048,25681.0488549948,25332.5095273372,24725.4143810037,0,41848.456791191304,42604.1125779101,25988.1638582152,24318.3059967455,24291.1513925241,43362.7325665063,23781.1746152781,25436.7627565328,21202.7512886199,43646.9528136625,1589.93267336445,22474.1258016806,20929.9257497281,23312.6221624688,42728.4828159514,20051.3899007112,22478.3856498385,24161.1283953149,42731.2524883661,44879.672674702,21702.7181938086,1507.10017409723,NA,NA,NA,NA,NA,NA
ws-OGDL,40661.4211027454,14848.9644143338,5449.62697080308,41499.9174635336,41538.4667760207,26359.4926024022,24669.6149968184,22114.0864262238,17120.1673982375,17513.0060622811,40761.4144837831,16167.4079361964,16515.9472638541,17123.0424101876,41848.456791191304,0,1282.84996935574,15860.292932976,18110.0913365573,18882.8837806377,7656.7373357848,19972.8010999953,16411.6940346585,23793.954159751,4201.10683979191,40609.9869062515,20865.6066692274,23321.1418587837,21104.1427437892,8125.41898544189,25442.4074408982,22269.7738519132,20752.7284041829,882.795697174772,3031.21588351066,23293.9872545623,40809.973668327,NA,NA,NA,NA,NA,NA
ws-OG10,41417.0768894642,15604.6202010525,6566.81194162437,42255.5732502524,42294.1225627395,27115.148389121,25425.2707835372,22869.7422129425,17875.8231849563,18268.6618489998,41517.0702705019,16923.0637229152,17271.6030505728,17878.6981969063,42604.1125779101,1282.84996935574,0,16615.9487196948,18865.747123276,19638.5395673565,8773.92230660609,20728.456886714,17167.3498213773,24549.6099464697,5259.71467920911,41365.6426929703,21621.2624559462,24076.7976455025,21859.798530508,9242.60395626318,26198.063227617,23025.429638632,21508.3841909017,1248.51205620879,2665.5318236897,24049.6430412811,41565.6294550458,NA,NA,NA,NA,NA,NA
ws-11,24801.1281697694,2241.44827812867,17703.0882918339,25639.6245305576,25678.1738430446,10499.1996694263,8867.8991952468,6898.14193869318,2841.4570131726,2589.94723177091,24901.1215508071,541.423528836885,1182.84851351508,1848.52079125272,25988.1638582152,15860.292932976,16615.9487196948,0,3831.38095149238,4897.05905259338,17623.1146549103,5928.39924054685,1048.49299492093,8753.74106643273,17658.7889554472,24749.6939732755,5883.97070731322,7812.31171423257,7059.74088434089,17154.5622021015,9933.57729634714,7873.9092040402,7411.25212158389,16743.0886301508,18891.5088164867,8546.65981826467,24949.6807353509,NA,NA,NA,NA,NA,NA
ws-15A,23131.2703082997,6072.82922962105,19952.8866954151,23969.7666690879,24008.3159815749,8249.40126584505,6559.52366026122,4003.99508966653,989.923938319781,1241.43371972147,23231.2636893375,3289.9574226555,2648.5324379773,1982.86016023966,24318.3059967455,18110.0913365573,18865.747123276,3831.38095149238,0,1065.678101101,19624.3671118722,2097.01828905447,4100.05968946777,5683.86282319374,19908.5873590284,23079.8361118058,2755.51533267015,5211.05052222649,3228.35993284852,18990.1173613173,7332.31610434099,4159.68251535599,3579.87117009152,18992.887033732,21141.3072200679,5183.89591800511,23279.8228738813,NA,NA,NA,NA,NA,NA
ws-A1,23104.1157040783,7138.50733072205,20725.6791394955,23942.6120648665,23981.1613773536,7476.60882176463,5786.7312161808,3231.20264558611,2055.60203942078,2307.11182082246,23204.1090851161,4355.63552375649,3714.21053907829,3048.53826134066,24291.1513925241,18882.8837806377,19638.5395673565,4897.05905259338,1065.678101101,0,20397.1595559526,1089.91731935759,5165.7377905685,4911.07037911331,20681.3798031089,23052.6815075844,1982.72288858973,4438.25807814607,2221.2589631516,19762.9098053977,6559.52366026057,3386.89007127553,2514.19306899052,19765.6794778125,21914.0996641483,4411.10347392469,23252.6682696599,NA,NA,NA,NA,NA,NA
ws-W7,42175.6968780604,18434.456411477,2207.11036498173,43014.1932388486,43052.7425513357,27873.7683777172,26183.8907721334,23628.3622015387,18634.4431735524,19027.281837596,42275.6902590981,17681.6837115115,18030.223039169,18637.3181855025,43362.7325665063,7656.7373357848,8773.92230660609,17623.1146549103,19624.3671118722,20397.1595559526,0,21487.0768753102,18671.6076498311,25308.2299350659,3514.20762739699,42124.2626815664,22379.8824445423,24835.4176340987,22618.4185191042,1131.34164379471,26956.6832162132,23784.0496272282,22267.0041794979,7525.4102503973,7338.5102424027,24808.2630298773,42324.2494436419,NA,NA,NA,NA,NA,NA
ws-A3,22594.1389268323,8169.84751867552,21815.5964588531,23432.6352876205,23471.1846001075,6386.69150240704,4696.81389682322,2141.28532622852,3086.94222737425,3338.45200877594,22694.13230787,5386.97571170997,4745.55072703177,4079.87844929413,23781.1746152781,19972.8010999953,20728.456886714,5928.39924054685,2097.01828905447,1089.91731935759,21487.0768753102,0,6197.07797852197,3821.15305975573,21771.2971224664,22542.7047303384,1307.04881359754,3348.34075878848,1131.34164379405,20852.8271247553,5469.60634090298,2296.97275191794,1482.85288103705,20855.59679717,23004.0169835059,3321.1861545671,22742.6914924138,NA,NA,NA,NA,NA,NA
ws-2C,24249.727068087,1972.76954015355,18254.4893935163,25088.2234288751,25126.7727413622,10416.415618977,9136.57793322192,7166.8206766683,3689.96324601812,2941.45846901326,24349.7204491247,1389.9297616824,1948.52224709337,2282.86452776228,25436.7627565328,16411.6940346585,17167.3498213773,1048.49299492093,4100.05968946777,5165.7377905685,18671.6076498311,6197.07797852197,0,9022.41980440784,18210.1900571297,24198.292871593,6152.64944528834,8080.99045220768,7328.41962231601,18203.0551970224,10202.2560343223,8142.58794201532,7679.93085955901,17294.4897318332,19442.9099181691,8815.33855623979,24398.2796336685,NA,NA,NA,NA,NA,NA
s-4c,70287.5282126771,95861.4730509355,112377.501429915,70526.064287239,71564.5474101033,87654.8567213265,88764.7937847989,90408.9872177884,93414.5386728196,93021.700008776,69773.291587274,94367.2981348605,94018.7588072029,93411.6636608695,70674.6168528212,110534.706071057,111290.361857775,94674.4131380809,93004.5552766114,92977.4006723899,112048.981846372,92467.4238951439,94123.0120363985,89889.0005684858,112333.202093528,70836.0543024096,91160.3750815464,89616.175029594,91998.8714423346,111414.732095817,88737.6391805771,91164.6349297043,92847.3776751807,111417.501768232,113565.921954567,90388.9674736744,70636.0675403341,zeeschelde,51.07363,4.19007,Hydrophone,A1,River
s-4b,72877.4512200392,98451.3960582976,114967.424437277,73115.987294601,74154.4704174653,90244.7797286886,91354.716792161,92998.9102251505,96004.4616801817,95611.6230161381,72363.2145946361,96957.2211422226,96608.681814565,96001.5866682316,73264.5398601831,113124.629078419,113880.284865138,97264.336145443,95594.4782839735,95567.323679752,114638.904853734,95057.346902506,96712.9350437606,92478.9235758479,114923.12510089,73425.9773097717,93750.2980889085,92206.0980369561,94588.7944496967,114004.655103179,91327.5621879391,93754.5579370664,95437.3006825428,114007.424775594,116155.844961929,92978.8904810365,73225.9905476962,zeeschelde,51.05593,4.20024,Hydrophone,A1,River
s-4a,76215.8870792092,101789.831917468,118305.860296447,76454.423153771,77492.9062766353,93583.2155878587,94693.152651331,96337.3460843205,99342.8975393517,98950.0588753081,75701.6504538061,100295.657001393,99947.1176737351,99340.0225274016,76602.9757193532,116463.064937589,117218.720724308,100602.772004613,98932.9141431435,98905.759538922,117977.340712904,98395.782761676,100051.370902931,95817.3594350179,118261.56096006,76764.4131689417,97088.7339480785,95544.5338961261,97927.2303088667,117343.090962349,94665.9980471091,97092.9937962364,98775.7365417128,117345.860634764,119494.280821099,96317.3263402065,76564.4264068662,zeeschelde,51.03203,4.18166,Hydrophone,A1,River
s-5,67631.9335878191,93205.8784260774,109721.906805057,67870.4696623809,68908.9527852453,84999.2620964684,86109.1991599407,87753.3925929303,90758.9440479615,90366.1053839179,67117.696962416,91711.7035100024,91363.1641823448,90756.0690360114,68019.0222279631,107879.111446199,108634.767232917,92018.8185132228,90348.9606517533,90321.8060475318,109393.387221514,89811.8292702858,91467.4174115404,87233.4059436277,109677.60746867,68180.4596775515,88504.7804566884,86960.5804047359,89343.2768174765,108759.137470959,86082.044555719,88509.0403048462,90191.7830503226,108761.907143373,110910.327329709,87733.3728488163,67980.4729154761,zeeschelde,51.09258,4.17083,Hydrophone,A1,River
ws-25A,20015.7156001741,10995.1893445614,25636.7495186089,20854.2119609623,20892.7612734494,2565.53844265132,1124.20678368673,1855.59912773955,6673.78676151348,6280.94809746998,20115.7089812119,8212.31753759584,7570.89255291765,6905.22027518001,21202.7512886199,23793.954159751,24549.6099464697,8753.74106643273,5683.86282319374,4911.07037911331,25308.2299350659,3821.15305975573,9022.41980440784,0,25592.4501822221,19964.2814036802,2928.34749052359,941.429352200162,2689.81141596175,24673.980184511,1648.45328114725,1524.18030783779,3041.22575556809,24676.7498569257,26825.1700432616,499.96690518863,20164.2681657556,NA,NA,NA,NA,NA,NA
ws-TRAWL,42459.9171252166,16647.4604368049,1307.09726241526,43298.4134860049,43336.9627984919,28157.9886248734,26468.1110192896,23912.5824486949,18918.6634207087,19311.5020847522,42559.9105062544,17965.9039586676,18314.4432863252,18921.5384326587,43646.9528136625,4201.10683979191,5259.71467920911,17658.7889554472,19908.5873590284,20681.3798031089,3514.20762739699,21771.2971224664,18210.1900571297,25592.4501822221,0,42408.4829287227,22664.1026916986,25119.6378812549,22902.6387662604,3982.88927705407,27240.9034633694,24068.2698743844,22551.2244266541,4011.20262300032,3824.30261500572,25092.4832770335,42608.4696907981,NA,NA,NA,NA,NA,NA
ws-F53,724.257483944762,25936.7538861301,42452.7822651094,948.507688686251,2041.44536644736,17730.1375565212,18840.0746199934,20484.2680529829,23489.8195080141,23096.9808439705,1765.68829198492,24442.5789700551,24094.0396423974,23486.944496064,1589.93267336445,40609.9869062515,41365.6426929703,24749.6939732755,23079.8361118058,23052.6815075844,42124.2626815664,22542.7047303384,24198.292871593,19964.2814036802,42408.4829287227,0,21235.6559167408,19691.4558647884,22074.152277529,41490.0129310116,18812.9200157714,21239.9157648987,22922.6585103752,41492.7826034263,43641.2027897622,20464.2483088688,199.986762075452,NA,NA,NA,NA,NA,NA
ws-12,21287.0901132348,8125.41898544189,22708.4020280853,22125.586474023,22164.13578651,5493.88593317491,3804.00832759108,1248.47975699638,3745.4392709899,3352.60060694639,21387.0834942725,5342.54717847634,4701.12219379814,4035.4499160605,22474.1258016806,20865.6066692274,21621.2624559462,5883.97070731322,2755.51533267015,1982.72288858973,22379.8824445423,1307.04881359754,6152.64944528834,2928.34749052359,22664.1026916986,21235.6559167408,0,2455.53518955635,1424.26767482934,21745.6326939874,4576.80077167085,1989.93849672699,2272.77390767552,21748.4023664022,23896.822552738,2662.68911095145,21435.6426788163,NA,NA,NA,NA,NA,NA
ws-14,19742.8900612823,10053.7599923612,25163.9372176416,20581.3864220705,20619.9357345576,3038.35074361856,1348.47313803474,1207.05543255996,6200.97446054624,5808.1357965027,19842.8834423201,7270.88818539568,6805.19459492973,6198.09944859621,20929.9257497281,23321.1418587837,24076.7976455025,7812.31171423257,5211.05052222649,4438.25807814607,24835.4176340987,3348.34075878848,8080.99045220768,941.429352200162,25119.6378812549,19691.4558647884,2455.53518955635,0,2382.69641274066,24201.1678835438,2121.26558211457,1548.45990011034,3231.2026455868,24203.9375559585,26352.3577422943,1065.678101101,19891.4426268638,NA,NA,NA,NA,NA,NA
ws-A5,22125.586474023,9301.18916246957,22946.9381026471,22964.0828348112,23002.6321472982,5255.34985861307,3565.47225302924,1589.8842245461,4218.2838711683,4469.79365256998,22225.5798550607,6518.31735550401,5876.89237082581,5211.22009308818,23312.6221624688,21104.1427437892,21859.798530508,7059.74088434089,3228.35993284852,2221.2589631516,22618.4185191042,1131.34164379405,7328.41962231601,2689.81141596175,22902.6387662604,22074.152277529,1424.26767482934,2382.69641274066,0,21984.1687685493,4338.264697109,1165.63110812396,848.506232846173,21986.938440964,24135.3586272999,2189.84451077312,22274.1390396045,NA,NA,NA,NA,NA,NA
ws-STEEN,41541.4471275055,17965.9039586683,2924.28951244048,42379.9434882937,42418.4928007808,27239.5186271623,25549.6410215785,22994.1124509838,18000.1934229976,18393.0320870411,41641.4405085432,17047.4339609567,17395.9732886141,18003.0684349476,42728.4828159514,8125.41898544189,9242.60395626318,17154.5622021015,18990.1173613173,19762.9098053977,1131.34164379471,20852.8271247553,18203.0551970224,24673.980184511,3982.88927705407,41490.0129310116,21745.6326939874,24201.1678835438,21984.1687685493,0,26322.4334656583,23149.7998766733,21632.754428943,7994.09190005439,7807.19189205979,24174.0132793224,41689.999693087,NA,NA,NA,NA,NA,NA
ws-25B,18864.3542122654,12175.0255744758,27285.2027997561,19702.8505730535,19741.3998855406,1082.78245925022,1065.67810110034,3328.32101467446,8322.24004266073,7929.4013786172,18964.3475933031,9392.15376751025,8926.4601770443,8319.36503071074,20051.3899007112,25442.4074408982,26198.063227617,9933.57729634714,7332.31610434099,6559.52366026057,26956.6832162132,5469.60634090298,10202.2560343223,1648.45328114725,27240.9034633694,18812.9200157714,4576.80077167085,2121.26558211457,4338.264697109,26322.4334656583,0,3172.63358898504,4689.67903671534,26325.203138073,28473.6233244088,2148.42018633588,19012.9067778469,NA,NA,NA,NA,NA,NA
ws-23,21291.3499613927,10115.3574821689,24112.5692107711,22129.8463221808,22168.3956346679,4089.7187504891,2399.84114490531,1224.26476314869,5149.60645367577,5283.96197226929,21391.3433424304,7332.48567520332,6691.06069052512,6025.38841278749,22478.3856498385,22269.7738519132,23025.429638632,7873.9092040402,4159.68251535599,3386.89007127553,23784.0496272282,2296.97275191794,8142.58794201532,1524.18030783779,24068.2698743844,21239.9157648987,1989.93849672699,1548.45990011034,1165.63110812396,23149.7998766733,3172.63358898504,0,1682.74274547646,23152.569549088,25300.9897354238,1024.21340264915,21439.9025269741,NA,NA,NA,NA,NA,NA
ws-PPC,22974.0927068691,9652.70039971257,22595.5237630408,23812.5890676573,23851.1383801443,5606.76419821941,4082.58389038174,2438.39045739224,4569.7951084113,4821.30488981298,23074.0860879068,6869.82859274701,6228.40360806881,5562.73133033118,24161.1283953149,20752.7284041829,21508.3841909017,7411.25212158389,3579.87117009152,2514.19306899052,22267.0041794979,1482.85288103705,7679.93085955901,3041.22575556809,22551.2244266541,22922.6585103752,2272.77390767552,3231.2026455868,848.506232846173,21632.754428943,4689.67903671534,1682.74274547646,0,21635.5241013577,23783.9442876935,2541.25885037946,23122.6452724506,NA,NA,NA,NA,NA,NA
rel_grotenete3,124678.329793264,150252.274631523,166768.303010502,124916.865867826,125955.34899069,142045.658301914,143155.595365387,144799.788798376,147805.340253407,147412.501589363,124164.093167861,148758.099715448,148409.56038779,147802.465241457,125065.418433408,164925.507651645,165681.163438364,149065.214718669,147395.356857199,147368.202252977,166439.783426959,146858.225475731,148513.813616986,144279.802149073,166724.003674116,125226.855882997,145551.176662134,144006.976610181,146389.673022922,165805.533676404,143128.440761165,145555.436510292,147238.179255768,165808.30334882,167956.723535155,144779.769054262,125026.869120921,2019_Grotenete,51.138881,4.996931,Release,A1,River
ws-DL12,41544.2167999202,15731.7601115085,5318.29988541558,42382.7131607084,42421.2624731955,27242.288299577,25552.4106939932,22996.8821233985,18002.9630954123,18395.8017594558,41644.2101809579,17050.2036333712,17398.7429610288,18005.8381073623,42731.2524883661,882.795697174772,1248.51205620879,16743.0886301508,18992.887033732,19765.6794778125,7525.4102503973,20855.59679717,17294.4897318332,24676.7498569257,4011.20262300032,41492.7826034263,21748.4023664022,24203.9375559585,21986.938440964,7994.09190005439,26325.203138073,23152.569549088,21635.5241013577,0,2148.42018633588,24176.7829517371,41692.7693655018,NA,NA,NA,NA,NA,NA
rel_grotenete2,124878.332704946,150452.277543205,166968.305922184,125116.868779507,126155.351902372,142245.661213596,143355.598277068,144999.791710057,148005.343165088,147612.504501045,124364.096079543,148958.102627129,148609.563299472,148002.468153138,125265.42134509,165125.510563326,165881.166350045,149265.21763035,147595.35976888,147568.205164659,166639.786338641,147058.228387413,148713.816528667,144479.805060755,166924.006585797,125426.858794678,145751.179573815,144206.979521863,146589.675934603,166005.536588086,143328.443672846,145755.439421973,147438.18216745,166008.306260501,168156.726446837,144979.771965943,125226.872032602,2019_Grotenete,51.139997,4.997392,Release,A1,River
ws-DL7,43692.6369862561,17880.1802978444,5131.39987742097,44531.1333470443,44569.6826595314,29390.7084859129,27700.8308803291,25145.3023097344,20151.3832817482,20544.2219457917,43792.6303672938,19198.6238197071,19547.1631473647,20154.2582936982,44879.672674702,3031.21588351066,2665.5318236897,18891.5088164867,21141.3072200679,21914.0996641483,7338.5102424027,23004.0169835059,19442.9099181691,26825.1700432616,3824.30261500572,43641.2027897622,23896.822552738,26352.3577422943,24135.3586272999,7807.19189205979,28473.6233244088,25300.9897354238,23783.9442876935,2148.42018633588,0,26325.203138073,43841.1895518376,NA,NA,NA,NA,NA,NA
ws-25,20515.6825053628,10788.1080963933,25136.7826134202,21354.1788661509,21392.728178638,3065.50534783995,1624.17368887536,1648.51787957149,6173.81985632485,5956.71258649376,20615.6758864005,8005.23628942779,7363.81130474959,6698.13902701195,21702.7181938086,23293.9872545623,24049.6430412811,8546.65981826467,5183.89591800511,4411.10347392469,24808.2630298773,3321.1861545671,8815.33855623979,499.96690518863,25092.4832770335,20464.2483088688,2662.68911095145,1065.678101101,2189.84451077312,24174.0132793224,2148.42018633588,1024.21340264915,2541.25885037946,24176.7829517371,26325.203138073,0,20664.2350709442,NA,NA,NA,NA,NA,NA
ws-53,641.424984677539,26136.7406482055,42652.7690271848,865.675189419029,2041.44536644736,17930.1243185966,19040.0613820689,20684.2548150584,23689.8062700895,23296.9676060459,1682.8557927177,24642.5657321305,24294.0264044729,23686.9312581394,1507.10017409723,40809.973668327,41565.6294550458,24949.6807353509,23279.8228738813,23252.6682696599,42324.2494436419,22742.6914924138,24398.2796336685,20164.2681657556,42608.4696907981,199.986762075452,21435.6426788163,19891.4426268638,22274.1390396045,41689.999693087,19012.9067778469,21439.9025269741,23122.6452724506,41692.7693655018,43841.1895518376,20664.2350709442,0,NA,NA,NA,NA,NA,NA
