"","Timestamp","Value","Quality Code"
"1",2019-01-01 23:00:00,66.95,"41"
"2",2019-01-02 23:00:00,75.66,"21"
"3",2019-01-03 23:00:00,63.38,"21"
"4",2019-01-04 23:00:00,60.22,"21"
"5",2019-01-05 23:00:00,65.42,"21"
"6",2019-01-06 23:00:00,67.06,"21"
"7",2019-01-07 23:00:00,73.09,"21"
"8",2019-01-08 23:00:00,66.41,"21"
"9",2019-01-09 23:00:00,83.28,"21"
"10",2019-01-10 23:00:00,71.78,"21"
"11",2019-01-11 23:00:00,70.62,"21"
"12",2019-01-12 23:00:00,81.79,"21"
"13",2019-01-13 23:00:00,113.75,"21"
"14",2019-01-14 23:00:00,145.53,"21"
"15",2019-01-15 23:00:00,108.14,"21"
"16",2019-01-16 23:00:00,91.71,"21"
"17",2019-01-17 23:00:00,107.03,"21"
"18",2019-01-18 23:00:00,130.71,"21"
"19",2019-01-19 23:00:00,90.42,"21"
"20",2019-01-20 23:00:00,77.54,"21"
"21",2019-01-21 23:00:00,72.38,"21"
"22",2019-01-22 23:00:00,65.44,"21"
"23",2019-01-23 23:00:00,63.37,"21"
"24",2019-01-24 23:00:00,73.3,"21"
"25",2019-01-25 23:00:00,74.21,"21"
"26",2019-01-26 23:00:00,100.45,"21"
"27",2019-01-27 23:00:00,204.98,"21"
"28",2019-01-28 23:00:00,320.92,"21"
"29",2019-01-29 23:00:00,214.52,"41"
"30",2019-01-30 23:00:00,169.67,"21"
"31",2019-01-31 23:00:00,162.54,"21"
"32",2019-02-01 23:00:00,148.61,"21"
"33",2019-02-02 23:00:00,299.74,"21"
"34",2019-02-03 23:00:00,365.39,"21"
"35",2019-02-04 23:00:00,224.69,"21"
"36",2019-02-05 23:00:00,193.8,"21"
"37",2019-02-06 23:00:00,163.98,"21"
"38",2019-02-07 23:00:00,238.35,"21"
"39",2019-02-08 23:00:00,223.34,"21"
"40",2019-02-09 23:00:00,246.23,"21"
"41",2019-02-10 23:00:00,338.64,"21"
"42",2019-02-11 23:00:00,390.76,"21"
"43",2019-02-12 23:00:00,235.61,"21"
"44",2019-02-13 23:00:00,166.41,"21"
"45",2019-02-14 23:00:00,131.86,"21"
"46",2019-02-15 23:00:00,122.34,"21"
"47",2019-02-16 23:00:00,107.91,"21"
"48",2019-02-17 23:00:00,99.33,"21"
"49",2019-02-18 23:00:00,92.81,"21"
"50",2019-02-19 23:00:00,82.88,"21"
"51",2019-02-20 23:00:00,81.59,"21"
"52",2019-02-21 23:00:00,69.89,"21"
"53",2019-02-22 23:00:00,71.81,"21"
"54",2019-02-23 23:00:00,69.91,"21"
"55",2019-02-24 23:00:00,65.65,"21"
"56",2019-02-25 23:00:00,69.26,"21"
"57",2019-02-26 23:00:00,70.99,"21"
"58",2019-02-27 23:00:00,72.64,"21"
"59",2019-02-28 23:00:00,84.41,"21"
"60",2019-03-01 23:00:00,120.09,"21"
"61",2019-03-02 23:00:00,89.02,"21"
"62",2019-03-03 23:00:00,87.13,"21"
"63",2019-03-04 23:00:00,96.89,"21"
"64",2019-03-05 23:00:00,114.94,"21"
"65",2019-03-06 23:00:00,103.01,"21"
"66",2019-03-07 23:00:00,240.87,"21"
"67",2019-03-08 23:00:00,238.3,"21"
"68",2019-03-09 23:00:00,190.24,"21"
"69",2019-03-10 23:00:00,224.54,"21"
"70",2019-03-11 23:00:00,208.08,"21"
"71",2019-03-12 23:00:00,171.34,"21"
"72",2019-03-13 23:00:00,179.61,"21"
"73",2019-03-14 23:00:00,315.76,"21"
"74",2019-03-15 23:00:00,508.1,"21"
"75",2019-03-16 23:00:00,556.67,"21"
"76",2019-03-17 23:00:00,392.92,"21"
"77",2019-03-18 23:00:00,307.97,"21"
"78",2019-03-19 23:00:00,228.85,"21"
"79",2019-03-20 23:00:00,177.83,"21"
"80",2019-03-21 23:00:00,147.47,"21"
"81",2019-03-22 23:00:00,131.51,"21"
"82",2019-03-23 23:00:00,112.92,"21"
"83",2019-03-24 23:00:00,114.45,"21"
"84",2019-03-25 23:00:00,93.27,"21"
"85",2019-03-26 23:00:00,100.11,"21"
"86",2019-03-27 23:00:00,81.65,"21"
"87",2019-03-28 23:00:00,87.73,"21"
"88",2019-03-29 23:00:00,94.31,"21"
"89",2019-03-30 23:00:00,92.69,"21"
"90",2019-03-31 23:00:00,81.26,"21"
"91",2019-04-01 23:00:00,89.48,"21"
"92",2019-04-02 23:00:00,89.71,"21"
"93",2019-04-03 23:00:00,108.62,"21"
"94",2019-04-04 23:00:00,87.16,"21"
"95",2019-04-05 23:00:00,69.37,"21"
"96",2019-04-06 23:00:00,69.14,"21"
"97",2019-04-07 23:00:00,71.79,"21"
"98",2019-04-08 23:00:00,77.45,"21"
"99",2019-04-09 23:00:00,79.5,"21"
"100",2019-04-10 23:00:00,85.03,"21"
"101",2019-04-11 23:00:00,70.3,"21"
"102",2019-04-12 23:00:00,63.26,"21"
"103",2019-04-13 23:00:00,70.58,"21"
"104",2019-04-14 23:00:00,73.36,"21"
"105",2019-04-15 23:00:00,69.52,"21"
"106",2019-04-16 23:00:00,60.73,"21"
"107",2019-04-17 23:00:00,56.18,"21"
"108",2019-04-18 23:00:00,54.73,"21"
"109",2019-04-19 23:00:00,51.47,"21"
"110",2019-04-20 23:00:00,51.06,"41"
"111",2019-04-21 23:00:00,53.67,"41"
"112",2019-04-22 23:00:00,50.45,"21"
"113",2019-04-23 23:00:00,51.84,"21"
"114",2019-04-24 23:00:00,55.33,"21"
"115",2019-04-25 23:00:00,67.27,"21"
"116",2019-04-26 23:00:00,57.81,"21"
"117",2019-04-27 23:00:00,63.77,"21"
"118",2019-04-28 23:00:00,83.88,"21"
"119",2019-04-29 23:00:00,70.2,"21"
"120",2019-04-30 23:00:00,56.89,"21"
"121",2019-05-01 23:00:00,49.85,"21"
"122",2019-05-02 23:00:00,55.26,"21"
"123",2019-05-03 23:00:00,68.78,"21"
"124",2019-05-04 23:00:00,102.64,"21"
"125",2019-05-05 23:00:00,82.85,"21"
"126",2019-05-06 23:00:00,59.35,"21"
"127",2019-05-07 23:00:00,54.98,"21"
"128",2019-05-08 23:00:00,53.93,"21"
"129",2019-05-09 23:00:00,67.72,"21"
"130",2019-05-10 23:00:00,82.04,"21"
"131",2019-05-11 23:00:00,68.75,"21"
"132",2019-05-12 23:00:00,67.83,"21"
"133",2019-05-13 23:00:00,62.09,"21"
"134",2019-05-14 23:00:00,53.18,"21"
"135",2019-05-15 23:00:00,49.76,"21"
"136",2019-05-16 23:00:00,46.3,"21"
"137",2019-05-17 23:00:00,44.93,"21"
"138",2019-05-18 23:00:00,47.34,"21"
"139",2019-05-19 23:00:00,68.79,"21"
"140",2019-05-20 23:00:00,74.35,"21"
"141",2019-05-21 23:00:00,53.89,"21"
"142",2019-05-22 23:00:00,50.42,"21"
"143",2019-05-23 23:00:00,48.06,"21"
"144",2019-05-24 23:00:00,45.38,"21"
"145",2019-05-25 23:00:00,48.61,"21"
"146",2019-05-26 23:00:00,56.24,"41"
"147",2019-05-27 23:00:00,60.66,"21"
"148",2019-05-28 23:00:00,80.08,"21"
"149",2019-05-29 23:00:00,66.98,"21"
"150",2019-05-30 23:00:00,51.3,"21"
"151",2019-05-31 23:00:00,44.58,"21"
"152",2019-06-01 23:00:00,43.62,"21"
"153",2019-06-02 23:00:00,44.11,"21"
"154",2019-06-03 23:00:00,42.91,"21"
"155",2019-06-04 23:00:00,48,"21"
"156",2019-06-05 23:00:00,77.76,"21"
"157",2019-06-06 23:00:00,169.43,"21"
"158",2019-06-07 23:00:00,86.97,"21"
"159",2019-06-08 23:00:00,55.76,"21"
"160",2019-06-09 23:00:00,52.08,"21"
"161",2019-06-10 23:00:00,67.24,"21"
"162",2019-06-11 23:00:00,91.53,"21"
"163",2019-06-12 23:00:00,138.79,"21"
"164",2019-06-13 23:00:00,140.14,"21"
"165",2019-06-14 23:00:00,113.24,"21"
"166",2019-06-15 23:00:00,176.47,"21"
"167",2019-06-16 23:00:00,102.07,"21"
"168",2019-06-17 23:00:00,67.17,"21"
"169",2019-06-18 23:00:00,58.33,"21"
"170",2019-06-19 23:00:00,66.16,"21"
"171",2019-06-20 23:00:00,88.56,"21"
"172",2019-06-21 23:00:00,57.47,"21"
"173",2019-06-22 23:00:00,52.38,"21"
"174",2019-06-23 23:00:00,43.57,"21"
"175",2019-06-24 23:00:00,44.12,"21"
"176",2019-06-25 23:00:00,49.63,"21"
"177",2019-06-26 23:00:00,51.71,"21"
"178",2019-06-27 23:00:00,48.75,"21"
"179",2019-06-28 23:00:00,45.29,"21"
"180",2019-06-29 23:00:00,42.78,"21"
"181",2019-06-30 23:00:00,35.18,"21"
"182",2019-07-01 23:00:00,34.34,"21"
"183",2019-07-02 23:00:00,35.07,"21"
"184",2019-07-03 23:00:00,32.61,"21"
"185",2019-07-04 23:00:00,32.67,"21"
"186",2019-07-05 23:00:00,31.26,"21"
"187",2019-07-06 23:00:00,28.9,"21"
"188",2019-07-07 23:00:00,31.32,"21"
"189",2019-07-08 23:00:00,27.77,"21"
"190",2019-07-09 23:00:00,40.7,"41"
"191",2019-07-10 23:00:00,43.34,"41"
"192",2019-07-11 23:00:00,41.93,"21"
"193",2019-07-12 23:00:00,45.53,"21"
"194",2019-07-13 23:00:00,43.54,"21"
"195",2019-07-14 23:00:00,35.95,"21"
"196",2019-07-15 23:00:00,33.83,"21"
"197",2019-07-16 23:00:00,33.51,"21"
"198",2019-07-17 23:00:00,32.77,"21"
"199",2019-07-18 23:00:00,29.58,"21"
"200",2019-07-19 23:00:00,29.83,"21"
"201",2019-07-20 23:00:00,36.53,"21"
"202",2019-07-21 23:00:00,36.27,"21"
"203",2019-07-22 23:00:00,31.14,"21"
"204",2019-07-23 23:00:00,27.84,"21"
"205",2019-07-24 23:00:00,26.44,"21"
"206",2019-07-25 23:00:00,34.38,"21"
"207",2019-07-26 23:00:00,41.78,"21"
"208",2019-07-27 23:00:00,106.27,"21"
"209",2019-07-28 23:00:00,119.92,"21"
"210",2019-07-29 23:00:00,77.24,"21"
"211",2019-07-30 23:00:00,42.84,"21"
"212",2019-07-31 23:00:00,35.42,"21"
"213",2019-08-01 23:00:00,30.64,"21"
"214",2019-08-02 23:00:00,32.46,"21"
"215",2019-08-03 23:00:00,37.15,"21"
"216",2019-08-04 23:00:00,32.3,"21"
"217",2019-08-05 23:00:00,28.29,"21"
"218",2019-08-06 23:00:00,24.8,"21"
"219",2019-08-07 23:00:00,27.92,"21"
"220",2019-08-08 23:00:00,37.57,"21"
"221",2019-08-09 23:00:00,45.14,"21"
"222",2019-08-10 23:00:00,35.34,"21"
"223",2019-08-11 23:00:00,35.88,"21"
"224",2019-08-12 23:00:00,34.12,"21"
"225",2019-08-13 23:00:00,50.89,"21"
"226",2019-08-14 23:00:00,43.24,"21"
"227",2019-08-15 23:00:00,40.46,"21"
"228",2019-08-16 23:00:00,37.31,"21"
"229",2019-08-17 23:00:00,35.14,"21"
"230",2019-08-18 23:00:00,68.64,"21"
"231",2019-08-19 23:00:00,79.28,"21"
"232",2019-08-20 23:00:00,43.65,"21"
"233",2019-08-21 23:00:00,37.84,"21"
"234",2019-08-22 23:00:00,29.4,"21"
"235",2019-08-23 23:00:00,30.31,"41"
"236",2019-08-24 23:00:00,37.75,"41"
"237",2019-08-25 23:00:00,41.01,"41"
"238",2019-08-26 23:00:00,38.22,"41"
"239",2019-08-27 23:00:00,33.15,"41"
"240",2019-08-28 23:00:00,36.13,"41"
"241",2019-08-29 23:00:00,43.2,"41"
"242",2019-08-30 23:00:00,32.88,"41"
"243",2019-08-31 23:00:00,28.07,"41"
"244",2019-09-01 23:00:00,25.09,"41"
"245",2019-09-02 23:00:00,26.75,"41"
"246",2019-09-03 23:00:00,24.79,"41"
"247",2019-09-04 23:00:00,28.8,"41"
"248",2019-09-05 23:00:00,24.45,"41"
"249",2019-09-06 23:00:00,37.96,"41"
"250",2019-09-07 23:00:00,37.58,"41"
"251",2019-09-08 23:00:00,47.42,"41"
"252",2019-09-09 23:00:00,37.7,"41"
"253",2019-09-10 23:00:00,29.93,"41"
"254",2019-09-11 23:00:00,29.32,"41"
"255",2019-09-12 23:00:00,25.75,"41"
"256",2019-09-13 23:00:00,27.29,"41"
"257",2019-09-14 23:00:00,27.96,"41"
"258",2019-09-15 23:00:00,22.47,"41"
"259",2019-09-16 23:00:00,28.38,"41"
"260",2019-09-17 23:00:00,23.04,"41"
"261",2019-09-18 23:00:00,29.48,"41"
"262",2019-09-19 23:00:00,28.32,"41"
"263",2019-09-20 23:00:00,27.07,"41"
"264",2019-09-21 23:00:00,26.47,"41"
"265",2019-09-22 23:00:00,27.54,"41"
"266",2019-09-23 23:00:00,44.09,"41"
"267",2019-09-24 23:00:00,55.4,"41"
"268",2019-09-25 23:00:00,58.12,"41"
"269",2019-09-26 23:00:00,56.29,"41"
"270",2019-09-27 23:00:00,68.56,"41"
"271",2019-09-28 23:00:00,49.6,"41"
"272",2019-09-29 23:00:00,61.19,"41"
"273",2019-09-30 23:00:00,73.09,"41"
"274",2019-10-01 23:00:00,143.42,"41"
"275",2019-10-02 23:00:00,134.82,"41"
"276",2019-10-03 23:00:00,75.14,"41"
"277",2019-10-04 23:00:00,31.25,"41"
"278",2019-10-05 23:00:00,56.58,"41"
"279",2019-10-06 23:00:00,49.51,"41"
"280",2019-10-07 23:00:00,106.17,"41"
"281",2019-10-08 23:00:00,75.63,"21"
"282",2019-10-09 23:00:00,76.68,"21"
"283",2019-10-10 23:00:00,67.65,"21"
"284",2019-10-11 23:00:00,49.61,"21"
"285",2019-10-12 23:00:00,38.69,"21"
"286",2019-10-13 23:00:00,40.81,"21"
"287",2019-10-14 23:00:00,42.99,"21"
"288",2019-10-15 23:00:00,39.34,"21"
"289",2019-10-16 23:00:00,59.39,"21"
"290",2019-10-17 23:00:00,114.59,"21"
"291",2019-10-18 23:00:00,78.76,"21"
"292",2019-10-19 23:00:00,64.38,"21"
"293",2019-10-20 23:00:00,52.96,"21"
"294",2019-10-21 23:00:00,103.9,"21"
"295",2019-10-22 23:00:00,76.87,"21"
"296",2019-10-23 23:00:00,66.51,"21"
"297",2019-10-24 23:00:00,51.11,"21"
"298",2019-10-25 23:00:00,44.69,"21"
"299",2019-10-26 23:00:00,44.5,"21"
"300",2019-10-27 23:00:00,64.77,"21"
"301",2019-10-28 23:00:00,52.38,"21"
"302",2019-10-29 23:00:00,46.35,"21"
"303",2019-10-30 23:00:00,42.18,"21"
"304",2019-10-31 23:00:00,40.58,"21"
"305",2019-11-01 23:00:00,51,"21"
"306",2019-11-02 23:00:00,98.02,"21"
"307",2019-11-03 23:00:00,82.17,"21"
"308",2019-11-04 23:00:00,93.57,"21"
"309",2019-11-05 23:00:00,79.69,"21"
"310",2019-11-06 23:00:00,74.03,"21"
"311",2019-11-07 23:00:00,98.27,"21"
"312",2019-11-08 23:00:00,85.02,"21"
"313",2019-11-09 23:00:00,71.22,"21"
"314",2019-11-10 23:00:00,70.57,"21"
"315",2019-11-11 23:00:00,78.57,"21"
"316",2019-11-12 23:00:00,76.19,"21"
"317",2019-11-13 23:00:00,67.4,"21"
"318",2019-11-14 23:00:00,70.19,"21"
"319",2019-11-15 23:00:00,57.38,"21"
"320",2019-11-16 23:00:00,52.27,"21"
"321",2019-11-17 23:00:00,52.22,"21"
"322",2019-11-18 23:00:00,63.74,"21"
"323",2019-11-19 23:00:00,89.67,"21"
"324",2019-11-20 23:00:00,78.71,"21"
"325",2019-11-21 23:00:00,64.62,"21"
"326",2019-11-22 23:00:00,59.87,"21"
"327",2019-11-23 23:00:00,54.52,"21"
"328",2019-11-24 23:00:00,48.51,"21"
"329",2019-11-25 23:00:00,47.81,"21"
"330",2019-11-26 23:00:00,52.26,"21"
"331",2019-11-27 23:00:00,113.14,"21"
"332",2019-11-28 23:00:00,142.73,"21"
"333",2019-11-29 23:00:00,142.68,"21"
"334",2019-11-30 23:00:00,114.28,"21"
"335",2019-12-01 23:00:00,86.2,"21"
"336",2019-12-02 23:00:00,71.03,"21"
"337",2019-12-03 23:00:00,63.95,"21"
"338",2019-12-04 23:00:00,65.55,"21"
"339",2019-12-05 23:00:00,70.92,"21"
"340",2019-12-06 23:00:00,88.77,"21"
"341",2019-12-07 23:00:00,110.2,"21"
"342",2019-12-08 23:00:00,104.51,"21"
"343",2019-12-09 23:00:00,145.01,"21"
"344",2019-12-10 23:00:00,158.74,"21"
"345",2019-12-11 23:00:00,101.9,"21"
"346",2019-12-12 23:00:00,106.44,"21"
"347",2019-12-13 23:00:00,187.29,"21"
"348",2019-12-14 23:00:00,248.56,"21"
"349",2019-12-15 23:00:00,232.93,"21"
"350",2019-12-16 23:00:00,172.59,"21"
"351",2019-12-17 23:00:00,144.74,"21"
"352",2019-12-18 23:00:00,131.19,"21"
"353",2019-12-19 23:00:00,124.42,"21"
"354",2019-12-20 23:00:00,153.18,"21"
"355",2019-12-21 23:00:00,174.52,"21"
"356",2019-12-22 23:00:00,199.61,"21"
"357",2019-12-23 23:00:00,229.52,"21"
"358",2019-12-24 23:00:00,160.13,"21"
"359",2019-12-25 23:00:00,148.92,"21"
"360",2019-12-26 23:00:00,140.14,"21"
"361",2019-12-27 23:00:00,193.67,"21"
"362",2019-12-28 23:00:00,154.38,"21"
"363",2019-12-29 23:00:00,121.91,"21"
"364",2019-12-30 23:00:00,109.58,"21"
"365",2019-12-31 23:00:00,133.11,"21"
"366",2020-01-01 23:00:00,130.13,"41"
"367",2020-01-02 23:00:00,125.18,"21"
"368",2020-01-03 23:00:00,119.65,"21"
"369",2020-01-04 23:00:00,147.87,"21"
"370",2020-01-05 23:00:00,122.62,"21"
"371",2020-01-06 23:00:00,110.49,"21"
"372",2020-01-07 23:00:00,108.22,"21"
"373",2020-01-08 23:00:00,101.8,"21"
"374",2020-01-09 23:00:00,145.89,"21"
"375",2020-01-10 23:00:00,195.35,"21"
"376",2020-01-11 23:00:00,175.46,"21"
"377",2020-01-12 23:00:00,128.13,"21"
"378",2020-01-13 23:00:00,115.94,"21"
"379",2020-01-14 23:00:00,110.23,"21"
"380",2020-01-15 23:00:00,112.41,"21"
"381",2020-01-16 23:00:00,105.92,"21"
"382",2020-01-17 23:00:00,89.46,"21"
"383",2020-01-18 23:00:00,107.38,"21"
"384",2020-01-19 23:00:00,115.13,"21"
"385",2020-01-20 23:00:00,107.71,"21"
"386",2020-01-21 23:00:00,92.19,"21"
"387",2020-01-22 23:00:00,92.79,"21"
"388",2020-01-23 23:00:00,91.06,"21"
"389",2020-01-24 23:00:00,84.23,"21"
"390",2020-01-25 23:00:00,82.54,"21"
"391",2020-01-26 23:00:00,89.31,"21"
"392",2020-01-27 23:00:00,103.08,"21"
"393",2020-01-28 23:00:00,172.29,"21"
"394",2020-01-29 23:00:00,153.89,"21"
"395",2020-01-30 23:00:00,116.28,"21"
"396",2020-01-31 23:00:00,118.99,"21"
"397",2020-02-01 23:00:00,222.4,"21"
"398",2020-02-02 23:00:00,308.13,"21"
"399",2020-02-03 23:00:00,301.24,"21"
"400",2020-02-04 23:00:00,397.31,"21"
"401",2020-02-05 23:00:00,333.56,"21"
"402",2020-02-06 23:00:00,237.53,"21"
"403",2020-02-07 23:00:00,194.94,"21"
"404",2020-02-08 23:00:00,176.48,"21"
"405",2020-02-09 23:00:00,186.4,"21"
"406",2020-02-10 23:00:00,252.68,"21"
"407",2020-02-11 23:00:00,241.21,"21"
"408",2020-02-12 23:00:00,185.28,"21"
"409",2020-02-13 23:00:00,183.62,"21"
"410",2020-02-14 23:00:00,207.74,"21"
"411",2020-02-15 23:00:00,154.19,"21"
"412",2020-02-16 23:00:00,171.35,"21"
"413",2020-02-17 23:00:00,299.23,"21"
"414",2020-02-18 23:00:00,250.06,"21"
"415",2020-02-19 23:00:00,241.25,"21"
"416",2020-02-20 23:00:00,223.7,"21"
"417",2020-02-21 23:00:00,246.39,"21"
"418",2020-02-22 23:00:00,197.47,"21"
"419",2020-02-23 23:00:00,197.53,"21"
"420",2020-02-24 23:00:00,236.06,"21"
"421",2020-02-25 23:00:00,257.03,"21"
"422",2020-02-26 23:00:00,347.64,"21"
"423",2020-02-27 23:00:00,378.09,"21"
"424",2020-02-28 23:00:00,463.62,"21"
"425",2020-02-29 23:00:00,414.2,"21"
"426",2020-03-01 23:00:00,339.47,"21"
"427",2020-03-02 23:00:00,271.34,"21"
"428",2020-03-03 23:00:00,302.72,"41"
"429",2020-03-04 23:00:00,274.18,"41"
"430",2020-03-05 23:00:00,381.36,"21"
"431",2020-03-06 23:00:00,668.69,"41"
"432",2020-03-07 23:00:00,608.7,"21"
"433",2020-03-08 23:00:00,430.08,"21"
"434",2020-03-09 23:00:00,361.46,"21"
"435",2020-03-10 23:00:00,523.25,"21"
"436",2020-03-11 23:00:00,709.49,"21"
"437",2020-03-12 23:00:00,693.27,"21"
"438",2020-03-13 23:00:00,534.07,"21"
"439",2020-03-14 23:00:00,430.84,"21"
"440",2020-03-15 23:00:00,322.36,"21"
"441",2020-03-16 23:00:00,283.5,"21"
"442",2020-03-17 23:00:00,251.43,"21"
"443",2020-03-18 23:00:00,237.21,"21"
"444",2020-03-19 23:00:00,215.91,"21"
"445",2020-03-20 23:00:00,198.61,"21"
"446",2020-03-21 23:00:00,182,"21"
"447",2020-03-22 23:00:00,158.43,"21"
"448",2020-03-23 23:00:00,140.38,"21"
"449",2020-03-24 23:00:00,125.87,"21"
"450",2020-03-25 23:00:00,111.05,"21"
"451",2020-03-26 23:00:00,112.72,"21"
"452",2020-03-27 23:00:00,116.8,"21"
"453",2020-03-28 23:00:00,116.2,"21"
"454",2020-03-29 23:00:00,110,"21"
"455",2020-03-30 23:00:00,109.53,"21"
"456",2020-03-31 23:00:00,94.23,"21"
"457",2020-04-01 23:00:00,95.73,"21"
"458",2020-04-02 23:00:00,103.6,"21"
"459",2020-04-03 23:00:00,109.16,"21"
"460",2020-04-04 23:00:00,94.5,"21"
"461",2020-04-05 23:00:00,87.2,"21"
"462",2020-04-06 23:00:00,89.28,"21"
"463",2020-04-07 23:00:00,81.83,"21"
"464",2020-04-08 23:00:00,80.64,"21"
"465",2020-04-09 23:00:00,84.52,"21"
"466",2020-04-10 23:00:00,81.59,"21"
"467",2020-04-11 23:00:00,83.71,"21"
"468",2020-04-12 23:00:00,78.97,"21"
"469",2020-04-13 23:00:00,78.69,"21"
"470",2020-04-14 23:00:00,79.36,"21"
"471",2020-04-15 23:00:00,78.9,"21"
"472",2020-04-16 23:00:00,84.46,"21"
"473",2020-04-17 23:00:00,75.71,"21"
"474",2020-04-18 23:00:00,128.41,"21"
"475",2020-04-19 23:00:00,97.97,"21"
"476",2020-04-20 23:00:00,68.35,"21"
"477",2020-04-21 23:00:00,70.8,"21"
"478",2020-04-22 23:00:00,72.65,"21"
"479",2020-04-23 23:00:00,74.44,"21"
"480",2020-04-24 23:00:00,71.34,"21"
"481",2020-04-25 23:00:00,65.23,"21"
"482",2020-04-26 23:00:00,61.78,"21"
"483",2020-04-27 23:00:00,45.02,"21"
"484",2020-04-28 23:00:00,60.77,"21"
"485",2020-04-29 23:00:00,67.8,"21"
"486",2020-04-30 23:00:00,73.18,"21"
"487",2020-05-01 23:00:00,77.15,"21"
"488",2020-05-02 23:00:00,89.23,"21"
"489",2020-05-03 23:00:00,68.17,"21"
"490",2020-05-04 23:00:00,56.55,"21"
"491",2020-05-05 23:00:00,50.71,"21"
"492",2020-05-06 23:00:00,47.31,"21"
"493",2020-05-07 23:00:00,46.03,"21"
"494",2020-05-08 23:00:00,49.15,"21"
"495",2020-05-09 23:00:00,48.01,"21"
"496",2020-05-10 23:00:00,52.49,"21"
"497",2020-05-11 23:00:00,64.16,"21"
"498",2020-05-12 23:00:00,57.92,"21"
"499",2020-05-13 23:00:00,43.78,"21"
"500",2020-05-14 23:00:00,51.9,"21"
"501",2020-05-15 23:00:00,52.88,"21"
"502",2020-05-16 23:00:00,49.3,"21"
"503",2020-05-17 23:00:00,50.93,"21"
"504",2020-05-18 23:00:00,44.29,"21"
"505",2020-05-19 23:00:00,39.91,"21"
"506",2020-05-20 23:00:00,45.68,"21"
"507",2020-05-21 23:00:00,38.3,"21"
"508",2020-05-22 23:00:00,43.02,"21"
"509",2020-05-23 23:00:00,35.35,"21"
"510",2020-05-24 23:00:00,47.21,"21"
"511",2020-05-25 23:00:00,42.15,"21"
"512",2020-05-26 23:00:00,35.84,"41"
"513",2020-05-27 23:00:00,34.76,"41"
"514",2020-05-28 23:00:00,36.18,"41"
"515",2020-05-29 23:00:00,33.93,"41"
"516",2020-05-30 23:00:00,41.49,"41"
"517",2020-05-31 23:00:00,44.26,"41"
"518",2020-06-01 23:00:00,39.44,"41"
"519",2020-06-02 23:00:00,37.12,"41"
"520",2020-06-03 23:00:00,31.98,"41"
"521",2020-06-04 23:00:00,31.65,"41"
"522",2020-06-05 23:00:00,43.71,"41"
"523",2020-06-06 23:00:00,62.94,"41"
"524",2020-06-07 23:00:00,46.51,"41"
"525",2020-06-08 23:00:00,43.77,"41"
"526",2020-06-09 23:00:00,55.6,"21"
"527",2020-06-10 23:00:00,44.53,"21"
"528",2020-06-11 23:00:00,41.1,"21"
"529",2020-06-12 23:00:00,47.53,"21"
"530",2020-06-13 23:00:00,65.15,"21"
"531",2020-06-14 23:00:00,57.02,"21"
"532",2020-06-15 23:00:00,46.82,"21"
"533",2020-06-16 23:00:00,45.35,"21"
"534",2020-06-17 23:00:00,62.4,"41"
"535",2020-06-18 23:00:00,131.35,"21"
"536",2020-06-19 23:00:00,74.92,"21"
"537",2020-06-20 23:00:00,42.08,"21"
"538",2020-06-21 23:00:00,45.06,"21"
"539",2020-06-22 23:00:00,54.89,"21"
"540",2020-06-23 23:00:00,40.32,"21"
"541",2020-06-24 23:00:00,34.14,"21"
"542",2020-06-25 23:00:00,32.58,"21"
"543",2020-06-26 23:00:00,35.83,"21"
"544",2020-06-27 23:00:00,46.47,"21"
"545",2020-06-28 23:00:00,40.83,"21"
"546",2020-06-29 23:00:00,37.49,"21"
"547",2020-06-30 23:00:00,49.35,"21"
"548",2020-07-01 23:00:00,133.39,"21"
"549",2020-07-02 23:00:00,63.5,"21"
"550",2020-07-03 23:00:00,43.81,"21"
"551",2020-07-04 23:00:00,35.2,"21"
"552",2020-07-05 23:00:00,34.74,"21"
"553",2020-07-06 23:00:00,32.77,"21"
"554",2020-07-07 23:00:00,35.62,"21"
"555",2020-07-08 23:00:00,46.95,"21"
"556",2020-07-09 23:00:00,54.99,"21"
"557",2020-07-10 23:00:00,39.38,"21"
"558",2020-07-11 23:00:00,35.52,"21"
"559",2020-07-12 23:00:00,36.59,"21"
"560",2020-07-13 23:00:00,40.39,"21"
"561",2020-07-14 23:00:00,40.85,"21"
"562",2020-07-15 23:00:00,43.86,"21"
"563",2020-07-16 23:00:00,42.48,"21"
"564",2020-07-17 23:00:00,39.03,"21"
"565",2020-07-18 23:00:00,32.12,"21"
"566",2020-07-19 23:00:00,29.52,"21"
"567",2020-07-20 23:00:00,30.77,"21"
"568",2020-07-21 23:00:00,28.19,"21"
"569",2020-07-22 23:00:00,28.9,"21"
"570",2020-07-23 23:00:00,26.94,"21"
"571",2020-07-24 23:00:00,24.9,"21"
"572",2020-07-25 23:00:00,28.88,"21"
"573",2020-07-26 23:00:00,30.04,"21"
"574",2020-07-27 23:00:00,39.26,"21"
"575",2020-07-28 23:00:00,32.32,"21"
"576",2020-07-29 23:00:00,41.29,"21"
"577",2020-07-30 23:00:00,33.62,"21"
"578",2020-07-31 23:00:00,29.62,"21"
"579",2020-08-01 23:00:00,23.65,"21"
"580",2020-08-02 23:00:00,24.74,"21"
"581",2020-08-03 23:00:00,24.07,"21"
"582",2020-08-04 23:00:00,23.19,"21"
"583",2020-08-05 23:00:00,23.56,"21"
"584",2020-08-06 23:00:00,21.83,"21"
"585",2020-08-07 23:00:00,23.49,"21"
"586",2020-08-08 23:00:00,22.09,"21"
"587",2020-08-09 23:00:00,27.43,"21"
"588",2020-08-10 23:00:00,26.22,"21"
"589",2020-08-11 23:00:00,25.43,"21"
"590",2020-08-12 23:00:00,39.83,"21"
"591",2020-08-13 23:00:00,46.51,"21"
"592",2020-08-14 23:00:00,68.85,"21"
"593",2020-08-15 23:00:00,69.86,"21"
"594",2020-08-16 23:00:00,58.68,"21"
"595",2020-08-17 23:00:00,52,"21"
"596",2020-08-18 23:00:00,42.43,"21"
"597",2020-08-19 23:00:00,35.59,"21"
"598",2020-08-20 23:00:00,36.47,"21"
"599",2020-08-21 23:00:00,29.78,"21"
"600",2020-08-22 23:00:00,24.32,"21"
"601",2020-08-23 23:00:00,23.99,"21"
"602",2020-08-24 23:00:00,32.04,"21"
"603",2020-08-25 23:00:00,39.78,"21"
"604",2020-08-26 23:00:00,22.13,"21"
"605",2020-08-27 23:00:00,49.83,"21"
"606",2020-08-28 23:00:00,41.52,"21"
"607",2020-08-29 23:00:00,39.78,"21"
"608",2020-08-30 23:00:00,39.48,"21"
"609",2020-08-31 23:00:00,45.28,"21"
"610",2020-09-01 23:00:00,37.86,"21"
"611",2020-09-02 23:00:00,31.93,"21"
"612",2020-09-03 23:00:00,28.79,"21"
"613",2020-09-04 23:00:00,27.18,"21"
"614",2020-09-05 23:00:00,31.22,"21"
"615",2020-09-06 23:00:00,35.01,"21"
"616",2020-09-07 23:00:00,32.9,"21"
"617",2020-09-08 23:00:00,27.06,"21"
"618",2020-09-09 23:00:00,24.55,"21"
"619",2020-09-10 23:00:00,33.44,"21"
"620",2020-09-11 23:00:00,35.31,"21"
"621",2020-09-12 23:00:00,34.6,"21"
"622",2020-09-13 23:00:00,35.42,"21"
"623",2020-09-14 23:00:00,32.44,"21"
"624",2020-09-15 23:00:00,25.31,"21"
"625",2020-09-16 23:00:00,23.67,"21"
"626",2020-09-17 23:00:00,26.81,"21"
"627",2020-09-18 23:00:00,24.81,"21"
"628",2020-09-19 23:00:00,23.23,"21"
"629",2020-09-20 23:00:00,21.42,"21"
"630",2020-09-21 23:00:00,23.09,"21"
"631",2020-09-22 23:00:00,23.08,"21"
"632",2020-09-23 23:00:00,23.17,"21"
"633",2020-09-24 23:00:00,43.33,"21"
"634",2020-09-25 23:00:00,63.8,"21"
"635",2020-09-26 23:00:00,223.26,"21"
"636",2020-09-27 23:00:00,276.8,"21"
"637",2020-09-28 23:00:00,174.23,"21"
"638",2020-09-29 23:00:00,119.92,"21"
"639",2020-09-30 23:00:00,69.61,"21"
"640",2020-10-01 23:00:00,76.41,"21"
"641",2020-10-02 23:00:00,78.3,"21"
"642",2020-10-03 23:00:00,79.39,"21"
"643",2020-10-04 23:00:00,61.68,"21"
"644",2020-10-05 23:00:00,57.8,"21"
"645",2020-10-06 23:00:00,79.83,"21"
"646",2020-10-07 23:00:00,106.29,"21"
"647",2020-10-08 23:00:00,66.63,"21"
"648",2020-10-09 23:00:00,69.37,"21"
"649",2020-10-10 23:00:00,52.83,"21"
"650",2020-10-11 23:00:00,89.1,"21"
"651",2020-10-12 23:00:00,77.08,"21"
"652",2020-10-13 23:00:00,53.92,"21"
"653",2020-10-14 23:00:00,54.59,"21"
"654",2020-10-15 23:00:00,39.19,"21"
"655",2020-10-16 23:00:00,38.38,"41"
"656",2020-10-17 23:00:00,34.62,"41"
"657",2020-10-18 23:00:00,34.52,"21"
"658",2020-10-19 23:00:00,39.71,"21"
"659",2020-10-20 23:00:00,39.94,"21"
"660",2020-10-21 23:00:00,60.84,"21"
"661",2020-10-22 23:00:00,51.91,"21"
"662",2020-10-23 23:00:00,47.76,"21"
"663",2020-10-24 23:00:00,64.9,"21"
"664",2020-10-25 23:00:00,67.63,"21"
"665",2020-10-26 23:00:00,64.17,"21"
"666",2020-10-27 23:00:00,53.56,"21"
"667",2020-10-28 23:00:00,72.38,"21"
"668",2020-10-29 23:00:00,128.97,"21"
"669",2020-10-30 23:00:00,102.56,"21"
"670",2020-10-31 23:00:00,77.42,"21"
"671",2020-11-01 23:00:00,73.56,"21"
"672",2020-11-02 23:00:00,82.97,"21"
"673",2020-11-03 23:00:00,85.84,"21"
"674",2020-11-04 23:00:00,58.67,"21"
"675",2020-11-05 23:00:00,60.79,"21"
"676",2020-11-06 23:00:00,59,"21"
"677",2020-11-07 23:00:00,47.79,"21"
"678",2020-11-08 23:00:00,50.29,"21"
"679",2020-11-09 23:00:00,57.74,"21"
"680",2020-11-10 23:00:00,73.68,"21"
"681",2020-11-11 23:00:00,65.8,"21"
"682",2020-11-12 23:00:00,56.97,"21"
"683",2020-11-13 23:00:00,53.63,"21"
"684",2020-11-14 23:00:00,55.1,"21"
"685",2020-11-15 23:00:00,85.67,"21"
"686",2020-11-16 23:00:00,102.09,"21"
"687",2020-11-17 23:00:00,68.65,"21"
"688",2020-11-18 23:00:00,55.7,"21"
"689",2020-11-19 23:00:00,46.58,"21"
"690",2020-11-20 23:00:00,76.43,"21"
"691",2020-11-21 23:00:00,46.07,"21"
"692",2020-11-22 23:00:00,55.7,"21"
"693",2020-11-23 23:00:00,80.45,"21"
"694",2020-11-24 23:00:00,64.45,"21"
"695",2020-11-25 23:00:00,58.45,"21"
"696",2020-11-26 23:00:00,53.04,"21"
"697",2020-11-27 23:00:00,48.5,"21"
"698",2020-11-28 23:00:00,47.41,"21"
"699",2020-11-29 23:00:00,48.96,"21"
"700",2020-11-30 23:00:00,56.35,"21"
"701",2020-12-01 23:00:00,130.83,"21"
"702",2020-12-02 23:00:00,110.15,"21"
"703",2020-12-03 23:00:00,75.73,"21"
"704",2020-12-04 23:00:00,95.23,"21"
"705",2020-12-05 23:00:00,66.77,"21"
"706",2020-12-06 23:00:00,55.97,"21"
"707",2020-12-07 23:00:00,60.14,"21"
"708",2020-12-08 23:00:00,74.19,"21"
"709",2020-12-09 23:00:00,66.49,"21"
"710",2020-12-10 23:00:00,60.53,"21"
"711",2020-12-11 23:00:00,79.73,"21"
"712",2020-12-12 23:00:00,82.54,"21"
"713",2020-12-13 23:00:00,73.8,"21"
"714",2020-12-14 23:00:00,77.3,"21"
"715",2020-12-15 23:00:00,104.86,"21"
"716",2020-12-16 23:00:00,102.69,"21"
"717",2020-12-17 23:00:00,89.18,"21"
"718",2020-12-18 23:00:00,78.99,"21"
"719",2020-12-19 23:00:00,71.01,"21"
"720",2020-12-20 23:00:00,66.13,"21"
"721",2020-12-21 23:00:00,91.13,"21"
"722",2020-12-22 23:00:00,148.72,"21"
"723",2020-12-23 23:00:00,219.08,"21"
"724",2020-12-24 23:00:00,278.47,"21"
"725",2020-12-25 23:00:00,207.34,"21"
"726",2020-12-26 23:00:00,158.77,"21"
"727",2020-12-27 23:00:00,200.71,"21"
"728",2020-12-28 23:00:00,290.45,"21"
"729",2020-12-29 23:00:00,199.33,"21"
"730",2020-12-30 23:00:00,153.7,"21"
"731",2020-12-31 23:00:00,176.04,"21"
"732",2021-01-01 23:00:00,153.17,"21"
"733",2021-01-02 23:00:00,132.83,"21"
"734",2021-01-03 23:00:00,128.95,"21"
"735",2021-01-04 23:00:00,125.11,"21"
"736",2021-01-05 23:00:00,104.59,"21"
"737",2021-01-06 23:00:00,103.04,"21"
"738",2021-01-07 23:00:00,106.3,"21"
"739",2021-01-08 23:00:00,123.58,"21"
"740",2021-01-09 23:00:00,107.55,"21"
"741",2021-01-10 23:00:00,92.24,"21"
"742",2021-01-11 23:00:00,107.05,"21"
"743",2021-01-12 23:00:00,295.7,"21"
"744",2021-01-13 23:00:00,306.75,"21"
"745",2021-01-14 23:00:00,328.54,"21"
"746",2021-01-15 23:00:00,416.48,"21"
"747",2021-01-16 23:00:00,289.59,"21"
"748",2021-01-17 23:00:00,245.18,"21"
"749",2021-01-18 23:00:00,280.83,"41"
"750",2021-01-19 23:00:00,291.8,"41"
"751",2021-01-20 23:00:00,303.66,"41"
"752",2021-01-21 23:00:00,289.48,"21"
"753",2021-01-22 23:00:00,409.85,"21"
"754",2021-01-23 23:00:00,330.89,"21"
"755",2021-01-24 23:00:00,324.84,"21"
"756",2021-01-25 23:00:00,270.1,"21"
"757",2021-01-26 23:00:00,226.55,"21"
"758",2021-01-27 23:00:00,241.25,"21"
"759",2021-01-28 23:00:00,436.38,"21"
"760",2021-01-29 23:00:00,663.94,"21"
"761",2021-01-30 23:00:00,673.62,"21"
"762",2021-01-31 23:00:00,642.83,"21"
"763",2021-02-01 23:00:00,494,"21"
"764",2021-02-02 23:00:00,447.38,"21"
"765",2021-02-03 23:00:00,565.82,"21"
"766",2021-02-04 23:00:00,694.61,"21"
"767",2021-02-05 23:00:00,508.48,"21"
"768",2021-02-06 23:00:00,385.41,"21"
"769",2021-02-07 23:00:00,430.17,"21"
"770",2021-02-08 23:00:00,340.29,"21"
"771",2021-02-09 23:00:00,284.08,"21"
"772",2021-02-10 23:00:00,229.38,"21"
"773",2021-02-11 23:00:00,184.89,"21"
"774",2021-02-12 23:00:00,166.32,"21"
"775",2021-02-13 23:00:00,136.19,"21"
"776",2021-02-14 23:00:00,139.28,"21"
"777",2021-02-15 23:00:00,156.13,"21"
"778",2021-02-16 23:00:00,209.05,"21"
"779",2021-02-17 23:00:00,222.2,"21"
"780",2021-02-18 23:00:00,204.53,"21"
"781",2021-02-19 23:00:00,215.19,"21"
"782",2021-02-20 23:00:00,178.88,"21"
"783",2021-02-21 23:00:00,168.09,"21"
"784",2021-02-22 23:00:00,150.4,"21"
"785",2021-02-23 23:00:00,129.5,"21"
"786",2021-02-24 23:00:00,117,"21"
"787",2021-02-25 23:00:00,123.52,"21"
"788",2021-02-26 23:00:00,136.54,"21"
"789",2021-02-27 23:00:00,124.81,"21"
