"","...1","date","photoperiod","Value","Timestamp","id"
"1",1,"2019-01-01 UTC",07:59:00,"479","2019-01-01 UTC",1
"2",2,"2019-01-02 UTC",08:00:00,"480","2019-01-02 UTC",2
"3",3,"2019-01-03 UTC",08:01:00,"481","2019-01-03 UTC",3
"4",4,"2019-01-04 UTC",08:02:00,"482","2019-01-04 UTC",4
"5",5,"2019-01-05 UTC",08:04:00,"484","2019-01-05 UTC",5
"6",6,"2019-01-06 UTC",08:05:00,"485","2019-01-06 UTC",6
"7",7,"2019-01-07 UTC",08:07:00,"487","2019-01-07 UTC",7
"8",8,"2019-01-08 UTC",08:09:00,"489","2019-01-08 UTC",8
"9",9,"2019-01-09 UTC",08:10:00,"490","2019-01-09 UTC",9
"10",10,"2019-01-10 UTC",08:12:00,"492","2019-01-10 UTC",10
"11",11,"2019-01-11 UTC",08:14:00,"494","2019-01-11 UTC",11
"12",12,"2019-01-12 UTC",08:16:00,"496","2019-01-12 UTC",12
"13",13,"2019-01-13 UTC",08:19:00,"499","2019-01-13 UTC",13
"14",14,"2019-01-14 UTC",08:21:00,"501","2019-01-14 UTC",14
"15",15,"2019-01-15 UTC",08:23:00,"503","2019-01-15 UTC",15
"16",16,"2019-01-16 UTC",08:25:00,"505","2019-01-16 UTC",16
"17",17,"2019-01-17 UTC",08:28:00,"508","2019-01-17 UTC",17
"18",18,"2019-01-18 UTC",08:30:00,"510","2019-01-18 UTC",18
"19",19,"2019-01-19 UTC",08:33:00,"513","2019-01-19 UTC",19
"20",20,"2019-01-20 UTC",08:36:00,"516","2019-01-20 UTC",20
"21",21,"2019-01-21 UTC",08:38:00,"518","2019-01-21 UTC",21
"22",22,"2019-01-22 UTC",08:41:00,"521","2019-01-22 UTC",22
"23",23,"2019-01-23 UTC",08:44:00,"524","2019-01-23 UTC",23
"24",24,"2019-01-24 UTC",08:47:00,"527","2019-01-24 UTC",24
"25",25,"2019-01-25 UTC",08:50:00,"530","2019-01-25 UTC",25
"26",26,"2019-01-26 UTC",08:53:00,"533","2019-01-26 UTC",26
"27",27,"2019-01-27 UTC",08:56:00,"536","2019-01-27 UTC",27
"28",28,"2019-01-28 UTC",08:59:00,"539","2019-01-28 UTC",28
"29",29,"2019-01-29 UTC",09:02:00,"542","2019-01-29 UTC",29
"30",30,"2019-01-30 UTC",09:05:00,"545","2019-01-30 UTC",30
"31",31,"2019-01-31 UTC",09:09:00,"549","2019-01-31 UTC",31
"32",32,"2019-02-01 UTC",09:12:00,"552","2019-02-01 UTC",32
"33",33,"2019-02-02 UTC",09:15:00,"555","2019-02-02 UTC",33
"34",34,"2019-02-03 UTC",09:19:00,"559","2019-02-03 UTC",34
"35",35,"2019-02-04 UTC",09:22:00,"562","2019-02-04 UTC",35
"36",36,"2019-02-05 UTC",09:25:00,"565","2019-02-05 UTC",36
"37",37,"2019-02-06 UTC",09:29:00,"569","2019-02-06 UTC",37
"38",38,"2019-02-07 UTC",09:32:00,"572","2019-02-07 UTC",38
"39",39,"2019-02-08 UTC",09:36:00,"576","2019-02-08 UTC",39
"40",40,"2019-02-09 UTC",09:39:00,"579","2019-02-09 UTC",40
"41",41,"2019-02-10 UTC",09:43:00,"583","2019-02-10 UTC",41
"42",42,"2019-02-11 UTC",09:47:00,"587","2019-02-11 UTC",42
"43",43,"2019-02-12 UTC",09:50:00,"590","2019-02-12 UTC",43
"44",44,"2019-02-13 UTC",09:54:00,"594","2019-02-13 UTC",44
"45",45,"2019-02-14 UTC",09:58:00,"598","2019-02-14 UTC",45
"46",46,"2019-02-15 UTC",10:01:00,"601","2019-02-15 UTC",46
"47",47,"2019-02-16 UTC",10:05:00,"605","2019-02-16 UTC",47
"48",48,"2019-02-17 UTC",10:09:00,"609","2019-02-17 UTC",48
"49",49,"2019-02-18 UTC",10:12:00,"612","2019-02-18 UTC",49
"50",50,"2019-02-19 UTC",10:16:00,"616","2019-02-19 UTC",50
"51",51,"2019-02-20 UTC",10:20:00,"620","2019-02-20 UTC",51
"52",52,"2019-02-21 UTC",10:24:00,"624","2019-02-21 UTC",52
"53",53,"2019-02-22 UTC",10:27:00,"627","2019-02-22 UTC",53
"54",54,"2019-02-23 UTC",10:31:00,"631","2019-02-23 UTC",54
"55",55,"2019-02-24 UTC",10:35:00,"635","2019-02-24 UTC",55
"56",56,"2019-02-25 UTC",10:39:00,"639","2019-02-25 UTC",56
"57",57,"2019-02-26 UTC",10:43:00,"643","2019-02-26 UTC",57
"58",58,"2019-02-27 UTC",10:47:00,"647","2019-02-27 UTC",58
"59",59,"2019-02-28 UTC",10:51:00,"651","2019-02-28 UTC",59
"60",60,"2019-03-01 UTC",10:54:00,"654","2019-03-01 UTC",60
"61",61,"2019-03-02 UTC",10:58:00,"658","2019-03-02 UTC",61
"62",62,"2019-03-03 UTC",11:02:00,"662","2019-03-03 UTC",62
"63",63,"2019-03-04 UTC",11:06:00,"666","2019-03-04 UTC",63
"64",64,"2019-03-05 UTC",11:10:00,"670","2019-03-05 UTC",64
"65",65,"2019-03-06 UTC",11:14:00,"674","2019-03-06 UTC",65
"66",66,"2019-03-07 UTC",11:18:00,"678","2019-03-07 UTC",66
"67",67,"2019-03-08 UTC",11:22:00,"682","2019-03-08 UTC",67
"68",68,"2019-03-09 UTC",11:26:00,"686","2019-03-09 UTC",68
"69",69,"2019-03-10 UTC",11:30:00,"690","2019-03-10 UTC",69
"70",70,"2019-03-11 UTC",11:33:00,"693","2019-03-11 UTC",70
"71",71,"2019-03-12 UTC",11:37:00,"697","2019-03-12 UTC",71
"72",72,"2019-03-13 UTC",11:41:00,"701","2019-03-13 UTC",72
"73",73,"2019-03-14 UTC",11:45:00,"705","2019-03-14 UTC",73
"74",74,"2019-03-15 UTC",11:49:00,"709","2019-03-15 UTC",74
"75",75,"2019-03-16 UTC",11:53:00,"713","2019-03-16 UTC",75
"76",76,"2019-03-17 UTC",11:57:00,"717","2019-03-17 UTC",76
"77",77,"2019-03-18 UTC",12:01:00,"721","2019-03-18 UTC",77
"78",78,"2019-03-19 UTC",12:05:00,"725","2019-03-19 UTC",78
"79",79,"2019-03-20 UTC",12:09:00,"729","2019-03-20 UTC",79
"80",80,"2019-03-21 UTC",12:13:00,"733","2019-03-21 UTC",80
"81",81,"2019-03-22 UTC",12:17:00,"737","2019-03-22 UTC",81
"82",82,"2019-03-23 UTC",12:21:00,"741","2019-03-23 UTC",82
"83",83,"2019-03-24 UTC",12:25:00,"745","2019-03-24 UTC",83
"84",84,"2019-03-25 UTC",12:28:00,"748","2019-03-25 UTC",84
"85",85,"2019-03-26 UTC",12:32:00,"752","2019-03-26 UTC",85
"86",86,"2019-03-27 UTC",12:36:00,"756","2019-03-27 UTC",86
"87",87,"2019-03-28 UTC",12:40:00,"760","2019-03-28 UTC",87
"88",88,"2019-03-29 UTC",12:44:00,"764","2019-03-29 UTC",88
"89",89,"2019-03-30 UTC",12:48:00,"768","2019-03-30 UTC",89
"90",90,"2019-03-31 UTC",12:52:00,"772","2019-03-31 UTC",90
"91",91,"2019-04-01 UTC",12:56:00,"776","2019-04-01 UTC",91
"92",92,"2019-04-02 UTC",13:00:00,"780","2019-04-02 UTC",92
"93",93,"2019-04-03 UTC",13:04:00,"784","2019-04-03 UTC",93
"94",94,"2019-04-04 UTC",13:08:00,"788","2019-04-04 UTC",94
"95",95,"2019-04-05 UTC",13:11:00,"791","2019-04-05 UTC",95
"96",96,"2019-04-06 UTC",13:15:00,"795","2019-04-06 UTC",96
"97",97,"2019-04-07 UTC",13:19:00,"799","2019-04-07 UTC",97
"98",98,"2019-04-08 UTC",13:23:00,"803","2019-04-08 UTC",98
"99",99,"2019-04-09 UTC",13:27:00,"807","2019-04-09 UTC",99
"100",100,"2019-04-10 UTC",13:31:00,"811","2019-04-10 UTC",100
"101",101,"2019-04-11 UTC",13:35:00,"815","2019-04-11 UTC",101
"102",102,"2019-04-12 UTC",13:38:00,"818","2019-04-12 UTC",102
"103",103,"2019-04-13 UTC",13:42:00,"822","2019-04-13 UTC",103
"104",104,"2019-04-14 UTC",13:46:00,"826","2019-04-14 UTC",104
"105",105,"2019-04-15 UTC",13:50:00,"830","2019-04-15 UTC",105
"106",106,"2019-04-16 UTC",13:54:00,"834","2019-04-16 UTC",106
"107",107,"2019-04-17 UTC",13:57:00,"837","2019-04-17 UTC",107
"108",108,"2019-04-18 UTC",14:01:00,"841","2019-04-18 UTC",108
"109",109,"2019-04-19 UTC",14:05:00,"845","2019-04-19 UTC",109
"110",110,"2019-04-20 UTC",14:09:00,"849","2019-04-20 UTC",110
"111",111,"2019-04-21 UTC",14:12:00,"852","2019-04-21 UTC",111
"112",112,"2019-04-22 UTC",14:16:00,"856","2019-04-22 UTC",112
"113",113,"2019-04-23 UTC",14:20:00,"860","2019-04-23 UTC",113
"114",114,"2019-04-24 UTC",14:23:00,"863","2019-04-24 UTC",114
"115",115,"2019-04-25 UTC",14:27:00,"867","2019-04-25 UTC",115
"116",116,"2019-04-26 UTC",14:31:00,"871","2019-04-26 UTC",116
"117",117,"2019-04-27 UTC",14:34:00,"874","2019-04-27 UTC",117
"118",118,"2019-04-28 UTC",14:38:00,"878","2019-04-28 UTC",118
"119",119,"2019-04-29 UTC",14:41:00,"881","2019-04-29 UTC",119
"120",120,"2019-04-30 UTC",14:45:00,"885","2019-04-30 UTC",120
"121",121,"2019-05-01 UTC",14:48:00,"888","2019-05-01 UTC",121
"122",122,"2019-05-02 UTC",14:52:00,"892","2019-05-02 UTC",122
"123",123,"2019-05-03 UTC",14:55:00,"895","2019-05-03 UTC",123
"124",124,"2019-05-04 UTC",14:59:00,"899","2019-05-04 UTC",124
"125",125,"2019-05-05 UTC",15:02:00,"902","2019-05-05 UTC",125
"126",126,"2019-05-06 UTC",15:05:00,"905","2019-05-06 UTC",126
"127",127,"2019-05-07 UTC",15:09:00,"909","2019-05-07 UTC",127
"128",128,"2019-05-08 UTC",15:12:00,"912","2019-05-08 UTC",128
"129",129,"2019-05-09 UTC",15:15:00,"915","2019-05-09 UTC",129
"130",130,"2019-05-10 UTC",15:18:00,"918","2019-05-10 UTC",130
"131",131,"2019-05-11 UTC",15:21:00,"921","2019-05-11 UTC",131
"132",132,"2019-05-12 UTC",15:25:00,"925","2019-05-12 UTC",132
"133",133,"2019-05-13 UTC",15:28:00,"928","2019-05-13 UTC",133
"134",134,"2019-05-14 UTC",15:31:00,"931","2019-05-14 UTC",134
"135",135,"2019-05-15 UTC",15:34:00,"934","2019-05-15 UTC",135
"136",136,"2019-05-16 UTC",15:37:00,"937","2019-05-16 UTC",136
"137",137,"2019-05-17 UTC",15:40:00,"940","2019-05-17 UTC",137
"138",138,"2019-05-18 UTC",15:42:00,"942","2019-05-18 UTC",138
"139",139,"2019-05-19 UTC",15:45:00,"945","2019-05-19 UTC",139
"140",140,"2019-05-20 UTC",15:48:00,"948","2019-05-20 UTC",140
"141",141,"2019-05-21 UTC",15:51:00,"951","2019-05-21 UTC",141
"142",142,"2019-05-22 UTC",15:53:00,"953","2019-05-22 UTC",142
"143",143,"2019-05-23 UTC",15:56:00,"956","2019-05-23 UTC",143
"144",144,"2019-05-24 UTC",15:58:00,"958","2019-05-24 UTC",144
"145",145,"2019-05-25 UTC",16:01:00,"961","2019-05-25 UTC",145
"146",146,"2019-05-26 UTC",16:03:00,"963","2019-05-26 UTC",146
"147",147,"2019-05-27 UTC",16:05:00,"965","2019-05-27 UTC",147
"148",148,"2019-05-28 UTC",16:07:00,"967","2019-05-28 UTC",148
"149",149,"2019-05-29 UTC",16:10:00,"970","2019-05-29 UTC",149
"150",150,"2019-05-30 UTC",16:12:00,"972","2019-05-30 UTC",150
"151",151,"2019-05-31 UTC",16:14:00,"974","2019-05-31 UTC",151
"152",152,"2019-06-01 UTC",16:16:00,"976","2019-06-01 UTC",152
"153",153,"2019-06-02 UTC",16:17:00,"977","2019-06-02 UTC",153
"154",154,"2019-06-03 UTC",16:19:00,"979","2019-06-03 UTC",154
"155",155,"2019-06-04 UTC",16:21:00,"981","2019-06-04 UTC",155
"156",156,"2019-06-05 UTC",16:22:00,"982","2019-06-05 UTC",156
"157",157,"2019-06-06 UTC",16:24:00,"984","2019-06-06 UTC",157
"158",158,"2019-06-07 UTC",16:25:00,"985","2019-06-07 UTC",158
"159",159,"2019-06-08 UTC",16:27:00,"987","2019-06-08 UTC",159
"160",160,"2019-06-09 UTC",16:28:00,"988","2019-06-09 UTC",160
"161",161,"2019-06-10 UTC",16:29:00,"989","2019-06-10 UTC",161
"162",162,"2019-06-11 UTC",16:30:00,"990","2019-06-11 UTC",162
"163",163,"2019-06-12 UTC",16:31:00,"991","2019-06-12 UTC",163
"164",164,"2019-06-13 UTC",16:32:00,"992","2019-06-13 UTC",164
"165",165,"2019-06-14 UTC",16:33:00,"993","2019-06-14 UTC",165
"166",166,"2019-06-15 UTC",16:33:00,"993","2019-06-15 UTC",166
"167",167,"2019-06-16 UTC",16:34:00,"994","2019-06-16 UTC",167
"168",168,"2019-06-17 UTC",16:34:00,"994","2019-06-17 UTC",168
"169",169,"2019-06-18 UTC",16:35:00,"995","2019-06-18 UTC",169
"170",170,"2019-06-19 UTC",16:35:00,"995","2019-06-19 UTC",170
"171",171,"2019-06-20 UTC",16:35:00,"995","2019-06-20 UTC",171
"172",172,"2019-06-21 UTC",16:35:00,"995","2019-06-21 UTC",172
"173",173,"2019-06-22 UTC",16:35:00,"995","2019-06-22 UTC",173
"174",174,"2019-06-23 UTC",16:35:00,"995","2019-06-23 UTC",174
"175",175,"2019-06-24 UTC",16:35:00,"995","2019-06-24 UTC",175
"176",176,"2019-06-25 UTC",16:34:00,"994","2019-06-25 UTC",176
"177",177,"2019-06-26 UTC",16:34:00,"994","2019-06-26 UTC",177
"178",178,"2019-06-27 UTC",16:33:00,"993","2019-06-27 UTC",178
"179",179,"2019-06-28 UTC",16:33:00,"993","2019-06-28 UTC",179
"180",180,"2019-06-29 UTC",16:32:00,"992","2019-06-29 UTC",180
"181",181,"2019-06-30 UTC",16:31:00,"991","2019-06-30 UTC",181
"182",182,"2019-07-01 UTC",16:30:00,"990","2019-07-01 UTC",182
"183",183,"2019-07-02 UTC",16:29:00,"989","2019-07-02 UTC",183
"184",184,"2019-07-03 UTC",16:28:00,"988","2019-07-03 UTC",184
"185",185,"2019-07-04 UTC",16:27:00,"987","2019-07-04 UTC",185
"186",186,"2019-07-05 UTC",16:26:00,"986","2019-07-05 UTC",186
"187",187,"2019-07-06 UTC",16:24:00,"984","2019-07-06 UTC",187
"188",188,"2019-07-07 UTC",16:23:00,"983","2019-07-07 UTC",188
"189",189,"2019-07-08 UTC",16:21:00,"981","2019-07-08 UTC",189
"190",190,"2019-07-09 UTC",16:20:00,"980","2019-07-09 UTC",190
"191",191,"2019-07-10 UTC",16:18:00,"978","2019-07-10 UTC",191
"192",192,"2019-07-11 UTC",16:16:00,"976","2019-07-11 UTC",192
"193",193,"2019-07-12 UTC",16:14:00,"974","2019-07-12 UTC",193
"194",194,"2019-07-13 UTC",16:12:00,"972","2019-07-13 UTC",194
"195",195,"2019-07-14 UTC",16:10:00,"970","2019-07-14 UTC",195
"196",196,"2019-07-15 UTC",16:08:00,"968","2019-07-15 UTC",196
"197",197,"2019-07-16 UTC",16:06:00,"966","2019-07-16 UTC",197
"198",198,"2019-07-17 UTC",16:04:00,"964","2019-07-17 UTC",198
"199",199,"2019-07-18 UTC",16:02:00,"962","2019-07-18 UTC",199
"200",200,"2019-07-19 UTC",15:59:00,"959","2019-07-19 UTC",200
"201",201,"2019-07-20 UTC",15:57:00,"957","2019-07-20 UTC",201
"202",202,"2019-07-21 UTC",15:54:00,"954","2019-07-21 UTC",202
"203",203,"2019-07-22 UTC",15:52:00,"952","2019-07-22 UTC",203
"204",204,"2019-07-23 UTC",15:49:00,"949","2019-07-23 UTC",204
"205",205,"2019-07-24 UTC",15:46:00,"946","2019-07-24 UTC",205
"206",206,"2019-07-25 UTC",15:44:00,"944","2019-07-25 UTC",206
"207",207,"2019-07-26 UTC",15:41:00,"941","2019-07-26 UTC",207
"208",208,"2019-07-27 UTC",15:38:00,"938","2019-07-27 UTC",208
"209",209,"2019-07-28 UTC",15:35:00,"935","2019-07-28 UTC",209
"210",210,"2019-07-29 UTC",15:32:00,"932","2019-07-29 UTC",210
"211",211,"2019-07-30 UTC",15:29:00,"929","2019-07-30 UTC",211
"212",212,"2019-07-31 UTC",15:26:00,"926","2019-07-31 UTC",212
"213",213,"2019-08-01 UTC",15:23:00,"923","2019-08-01 UTC",213
"214",214,"2019-08-02 UTC",15:20:00,"920","2019-08-02 UTC",214
"215",215,"2019-08-03 UTC",15:17:00,"917","2019-08-03 UTC",215
"216",216,"2019-08-04 UTC",15:14:00,"914","2019-08-04 UTC",216
"217",217,"2019-08-05 UTC",15:11:00,"911","2019-08-05 UTC",217
"218",218,"2019-08-06 UTC",15:07:00,"907","2019-08-06 UTC",218
"219",219,"2019-08-07 UTC",15:04:00,"904","2019-08-07 UTC",219
"220",220,"2019-08-08 UTC",15:01:00,"901","2019-08-08 UTC",220
"221",221,"2019-08-09 UTC",14:57:00,"897","2019-08-09 UTC",221
"222",222,"2019-08-10 UTC",14:54:00,"894","2019-08-10 UTC",222
"223",223,"2019-08-11 UTC",14:50:00,"890","2019-08-11 UTC",223
"224",224,"2019-08-12 UTC",14:47:00,"887","2019-08-12 UTC",224
"225",225,"2019-08-13 UTC",14:44:00,"884","2019-08-13 UTC",225
"226",226,"2019-08-14 UTC",14:40:00,"880","2019-08-14 UTC",226
"227",227,"2019-08-15 UTC",14:37:00,"877","2019-08-15 UTC",227
"228",228,"2019-08-16 UTC",14:33:00,"873","2019-08-16 UTC",228
"229",229,"2019-08-17 UTC",14:30:00,"870","2019-08-17 UTC",229
"230",230,"2019-08-18 UTC",14:26:00,"866","2019-08-18 UTC",230
"231",231,"2019-08-19 UTC",14:22:00,"862","2019-08-19 UTC",231
"232",232,"2019-08-20 UTC",14:19:00,"859","2019-08-20 UTC",232
"233",233,"2019-08-21 UTC",14:15:00,"855","2019-08-21 UTC",233
"234",234,"2019-08-22 UTC",14:11:00,"851","2019-08-22 UTC",234
"235",235,"2019-08-23 UTC",14:08:00,"848","2019-08-23 UTC",235
"236",236,"2019-08-24 UTC",14:04:00,"844","2019-08-24 UTC",236
"237",237,"2019-08-25 UTC",14:00:00,"840","2019-08-25 UTC",237
"238",238,"2019-08-26 UTC",13:57:00,"837","2019-08-26 UTC",238
"239",239,"2019-08-27 UTC",13:53:00,"833","2019-08-27 UTC",239
"240",240,"2019-08-28 UTC",13:49:00,"829","2019-08-28 UTC",240
"241",241,"2019-08-29 UTC",13:46:00,"826","2019-08-29 UTC",241
"242",242,"2019-08-30 UTC",13:42:00,"822","2019-08-30 UTC",242
"243",243,"2019-08-31 UTC",13:38:00,"818","2019-08-31 UTC",243
"244",244,"2019-09-01 UTC",13:34:00,"814","2019-09-01 UTC",244
"245",245,"2019-09-02 UTC",13:30:00,"810","2019-09-02 UTC",245
"246",246,"2019-09-03 UTC",13:27:00,"807","2019-09-03 UTC",246
"247",247,"2019-09-04 UTC",13:23:00,"803","2019-09-04 UTC",247
"248",248,"2019-09-05 UTC",13:19:00,"799","2019-09-05 UTC",248
"249",249,"2019-09-06 UTC",13:15:00,"795","2019-09-06 UTC",249
"250",250,"2019-09-07 UTC",13:11:00,"791","2019-09-07 UTC",250
"251",251,"2019-09-08 UTC",13:08:00,"788","2019-09-08 UTC",251
"252",252,"2019-09-09 UTC",13:04:00,"784","2019-09-09 UTC",252
"253",253,"2019-09-10 UTC",13:00:00,"780","2019-09-10 UTC",253
"254",254,"2019-09-11 UTC",12:56:00,"776","2019-09-11 UTC",254
"255",255,"2019-09-12 UTC",12:52:00,"772","2019-09-12 UTC",255
"256",256,"2019-09-13 UTC",12:48:00,"768","2019-09-13 UTC",256
"257",257,"2019-09-14 UTC",12:45:00,"765","2019-09-14 UTC",257
"258",258,"2019-09-15 UTC",12:41:00,"761","2019-09-15 UTC",258
"259",259,"2019-09-16 UTC",12:37:00,"757","2019-09-16 UTC",259
"260",260,"2019-09-17 UTC",12:33:00,"753","2019-09-17 UTC",260
"261",261,"2019-09-18 UTC",12:29:00,"749","2019-09-18 UTC",261
"262",262,"2019-09-19 UTC",12:25:00,"745","2019-09-19 UTC",262
"263",263,"2019-09-20 UTC",12:21:00,"741","2019-09-20 UTC",263
"264",264,"2019-09-21 UTC",12:18:00,"738","2019-09-21 UTC",264
"265",265,"2019-09-22 UTC",12:14:00,"734","2019-09-22 UTC",265
"266",266,"2019-09-23 UTC",12:10:00,"730","2019-09-23 UTC",266
"267",267,"2019-09-24 UTC",12:06:00,"726","2019-09-24 UTC",267
"268",268,"2019-09-25 UTC",12:02:00,"722","2019-09-25 UTC",268
"269",269,"2019-09-26 UTC",11:58:00,"718","2019-09-26 UTC",269
"270",270,"2019-09-27 UTC",11:54:00,"714","2019-09-27 UTC",270
"271",271,"2019-09-28 UTC",11:50:00,"710","2019-09-28 UTC",271
"272",272,"2019-09-29 UTC",11:47:00,"707","2019-09-29 UTC",272
"273",273,"2019-09-30 UTC",11:43:00,"703","2019-09-30 UTC",273
"274",274,"2019-10-01 UTC",11:39:00,"699","2019-10-01 UTC",274
"275",275,"2019-10-02 UTC",11:35:00,"695","2019-10-02 UTC",275
"276",276,"2019-10-03 UTC",11:31:00,"691","2019-10-03 UTC",276
"277",277,"2019-10-04 UTC",11:27:00,"687","2019-10-04 UTC",277
"278",278,"2019-10-05 UTC",11:23:00,"683","2019-10-05 UTC",278
"279",279,"2019-10-06 UTC",11:19:00,"679","2019-10-06 UTC",279
"280",280,"2019-10-07 UTC",11:16:00,"676","2019-10-07 UTC",280
"281",281,"2019-10-08 UTC",11:12:00,"672","2019-10-08 UTC",281
"282",282,"2019-10-09 UTC",11:08:00,"668","2019-10-09 UTC",282
"283",283,"2019-10-10 UTC",11:04:00,"664","2019-10-10 UTC",283
"284",284,"2019-10-11 UTC",11:00:00,"660","2019-10-11 UTC",284
"285",285,"2019-10-12 UTC",10:57:00,"657","2019-10-12 UTC",285
"286",286,"2019-10-13 UTC",10:53:00,"653","2019-10-13 UTC",286
"287",287,"2019-10-14 UTC",10:49:00,"649","2019-10-14 UTC",287
"288",288,"2019-10-15 UTC",10:45:00,"645","2019-10-15 UTC",288
"289",289,"2019-10-16 UTC",10:41:00,"641","2019-10-16 UTC",289
"290",290,"2019-10-17 UTC",10:38:00,"638","2019-10-17 UTC",290
"291",291,"2019-10-18 UTC",10:34:00,"634","2019-10-18 UTC",291
"292",292,"2019-10-19 UTC",10:30:00,"630","2019-10-19 UTC",292
"293",293,"2019-10-20 UTC",10:26:00,"626","2019-10-20 UTC",293
"294",294,"2019-10-21 UTC",10:22:00,"622","2019-10-21 UTC",294
"295",295,"2019-10-22 UTC",10:19:00,"619","2019-10-22 UTC",295
"296",296,"2019-10-23 UTC",10:15:00,"615","2019-10-23 UTC",296
"297",297,"2019-10-24 UTC",10:11:00,"611","2019-10-24 UTC",297
"298",298,"2019-10-25 UTC",10:08:00,"608","2019-10-25 UTC",298
"299",299,"2019-10-26 UTC",10:04:00,"604","2019-10-26 UTC",299
"300",300,"2019-10-27 UTC",10:00:00,"600","2019-10-27 UTC",300
"301",301,"2019-10-28 UTC",09:57:00,"597","2019-10-28 UTC",301
"302",302,"2019-10-29 UTC",09:53:00,"593","2019-10-29 UTC",302
"303",303,"2019-10-30 UTC",09:49:00,"589","2019-10-30 UTC",303
"304",304,"2019-10-31 UTC",09:46:00,"586","2019-10-31 UTC",304
"305",305,"2019-11-01 UTC",09:42:00,"582","2019-11-01 UTC",305
"306",306,"2019-11-02 UTC",09:39:00,"579","2019-11-02 UTC",306
"307",307,"2019-11-03 UTC",09:35:00,"575","2019-11-03 UTC",307
"308",308,"2019-11-04 UTC",09:32:00,"572","2019-11-04 UTC",308
"309",309,"2019-11-05 UTC",09:28:00,"568","2019-11-05 UTC",309
"310",310,"2019-11-06 UTC",09:25:00,"565","2019-11-06 UTC",310
"311",311,"2019-11-07 UTC",09:22:00,"562","2019-11-07 UTC",311
"312",312,"2019-11-08 UTC",09:18:00,"558","2019-11-08 UTC",312
"313",313,"2019-11-09 UTC",09:15:00,"555","2019-11-09 UTC",313
"314",314,"2019-11-10 UTC",09:12:00,"552","2019-11-10 UTC",314
"315",315,"2019-11-11 UTC",09:08:00,"548","2019-11-11 UTC",315
"316",316,"2019-11-12 UTC",09:05:00,"545","2019-11-12 UTC",316
"317",317,"2019-11-13 UTC",09:02:00,"542","2019-11-13 UTC",317
"318",318,"2019-11-14 UTC",08:59:00,"539","2019-11-14 UTC",318
"319",319,"2019-11-15 UTC",08:56:00,"536","2019-11-15 UTC",319
"320",320,"2019-11-16 UTC",08:53:00,"533","2019-11-16 UTC",320
"321",321,"2019-11-17 UTC",08:50:00,"530","2019-11-17 UTC",321
"322",322,"2019-11-18 UTC",08:47:00,"527","2019-11-18 UTC",322
"323",323,"2019-11-19 UTC",08:44:00,"524","2019-11-19 UTC",323
"324",324,"2019-11-20 UTC",08:41:00,"521","2019-11-20 UTC",324
"325",325,"2019-11-21 UTC",08:39:00,"519","2019-11-21 UTC",325
"326",326,"2019-11-22 UTC",08:36:00,"516","2019-11-22 UTC",326
"327",327,"2019-11-23 UTC",08:33:00,"513","2019-11-23 UTC",327
"328",328,"2019-11-24 UTC",08:31:00,"511","2019-11-24 UTC",328
"329",329,"2019-11-25 UTC",08:28:00,"508","2019-11-25 UTC",329
"330",330,"2019-11-26 UTC",08:26:00,"506","2019-11-26 UTC",330
"331",331,"2019-11-27 UTC",08:23:00,"503","2019-11-27 UTC",331
"332",332,"2019-11-28 UTC",08:21:00,"501","2019-11-28 UTC",332
"333",333,"2019-11-29 UTC",08:19:00,"499","2019-11-29 UTC",333
"334",334,"2019-11-30 UTC",08:17:00,"497","2019-11-30 UTC",334
"335",335,"2019-12-01 UTC",08:15:00,"495","2019-12-01 UTC",335
"336",336,"2019-12-02 UTC",08:13:00,"493","2019-12-02 UTC",336
"337",337,"2019-12-03 UTC",08:11:00,"491","2019-12-03 UTC",337
"338",338,"2019-12-04 UTC",08:09:00,"489","2019-12-04 UTC",338
"339",339,"2019-12-05 UTC",08:07:00,"487","2019-12-05 UTC",339
"340",340,"2019-12-06 UTC",08:05:00,"485","2019-12-06 UTC",340
"341",341,"2019-12-07 UTC",08:04:00,"484","2019-12-07 UTC",341
"342",342,"2019-12-08 UTC",08:02:00,"482","2019-12-08 UTC",342
"343",343,"2019-12-09 UTC",08:01:00,"481","2019-12-09 UTC",343
"344",344,"2019-12-10 UTC",08:00:00,"480","2019-12-10 UTC",344
"345",345,"2019-12-11 UTC",07:59:00,"479","2019-12-11 UTC",345
"346",346,"2019-12-12 UTC",07:58:00,"478","2019-12-12 UTC",346
"347",347,"2019-12-13 UTC",07:57:00,"477","2019-12-13 UTC",347
"348",348,"2019-12-14 UTC",07:56:00,"476","2019-12-14 UTC",348
"349",349,"2019-12-15 UTC",07:55:00,"475","2019-12-15 UTC",349
"350",350,"2019-12-16 UTC",07:54:00,"474","2019-12-16 UTC",350
"351",351,"2019-12-17 UTC",07:54:00,"474","2019-12-17 UTC",351
"352",352,"2019-12-18 UTC",07:53:00,"473","2019-12-18 UTC",352
"353",353,"2019-12-19 UTC",07:53:00,"473","2019-12-19 UTC",353
"354",354,"2019-12-20 UTC",07:53:00,"473","2019-12-20 UTC",354
"355",355,"2019-12-21 UTC",07:53:00,"473","2019-12-21 UTC",355
"356",356,"2019-12-22 UTC",07:53:00,"473","2019-12-22 UTC",356
"357",357,"2019-12-23 UTC",07:53:00,"473","2019-12-23 UTC",357
"358",358,"2019-12-24 UTC",07:53:00,"473","2019-12-24 UTC",358
"359",359,"2019-12-25 UTC",07:53:00,"473","2019-12-25 UTC",359
"360",360,"2019-12-26 UTC",07:54:00,"474","2019-12-26 UTC",360
"361",361,"2019-12-27 UTC",07:54:00,"474","2019-12-27 UTC",361
"362",362,"2019-12-28 UTC",07:55:00,"475","2019-12-28 UTC",362
"363",363,"2019-12-29 UTC",07:55:00,"475","2019-12-29 UTC",363
"364",364,"2019-12-30 UTC",07:56:00,"476","2019-12-30 UTC",364
"365",365,"2019-12-31 UTC",07:57:00,"477","2019-12-31 UTC",365
"366",366,"2020-01-01 UTC",07:58:00,"478","2020-01-01 UTC",366
"367",367,"2020-01-02 UTC",07:59:00,"479","2020-01-02 UTC",367
"368",368,"2020-01-03 UTC",08:01:00,"481","2020-01-03 UTC",368
"369",369,"2020-01-04 UTC",08:02:00,"482","2020-01-04 UTC",369
"370",370,"2020-01-05 UTC",08:03:00,"483","2020-01-05 UTC",370
"371",371,"2020-01-06 UTC",08:05:00,"485","2020-01-06 UTC",371
"372",372,"2020-01-07 UTC",08:07:00,"487","2020-01-07 UTC",372
"373",373,"2020-01-08 UTC",08:08:00,"488","2020-01-08 UTC",373
"374",374,"2020-01-09 UTC",08:10:00,"490","2020-01-09 UTC",374
"375",375,"2020-01-10 UTC",08:12:00,"492","2020-01-10 UTC",375
"376",376,"2020-01-11 UTC",08:14:00,"494","2020-01-11 UTC",376
"377",377,"2020-01-12 UTC",08:16:00,"496","2020-01-12 UTC",377
"378",378,"2020-01-13 UTC",08:18:00,"498","2020-01-13 UTC",378
"379",379,"2020-01-14 UTC",08:20:00,"500","2020-01-14 UTC",379
"380",380,"2020-01-15 UTC",08:23:00,"503","2020-01-15 UTC",380
"381",381,"2020-01-16 UTC",08:25:00,"505","2020-01-16 UTC",381
"382",382,"2020-01-17 UTC",08:27:00,"507","2020-01-17 UTC",382
"383",383,"2020-01-18 UTC",08:30:00,"510","2020-01-18 UTC",383
"384",384,"2020-01-19 UTC",08:32:00,"512","2020-01-19 UTC",384
"385",385,"2020-01-20 UTC",08:35:00,"515","2020-01-20 UTC",385
"386",386,"2020-01-21 UTC",08:38:00,"518","2020-01-21 UTC",386
"387",387,"2020-01-22 UTC",08:41:00,"521","2020-01-22 UTC",387
"388",388,"2020-01-23 UTC",08:43:00,"523","2020-01-23 UTC",388
"389",389,"2020-01-24 UTC",08:46:00,"526","2020-01-24 UTC",389
"390",390,"2020-01-25 UTC",08:49:00,"529","2020-01-25 UTC",390
"391",391,"2020-01-26 UTC",08:52:00,"532","2020-01-26 UTC",391
"392",392,"2020-01-27 UTC",08:55:00,"535","2020-01-27 UTC",392
"393",393,"2020-01-28 UTC",08:58:00,"538","2020-01-28 UTC",393
"394",394,"2020-01-29 UTC",09:01:00,"541","2020-01-29 UTC",394
"395",395,"2020-01-30 UTC",09:05:00,"545","2020-01-30 UTC",395
"396",396,"2020-01-31 UTC",09:08:00,"548","2020-01-31 UTC",396
"397",397,"2020-02-01 UTC",09:11:00,"551","2020-02-01 UTC",397
"398",398,"2020-02-02 UTC",09:14:00,"554","2020-02-02 UTC",398
"399",399,"2020-02-03 UTC",09:18:00,"558","2020-02-03 UTC",399
"400",400,"2020-02-04 UTC",09:21:00,"561","2020-02-04 UTC",400
"401",401,"2020-02-05 UTC",09:25:00,"565","2020-02-05 UTC",401
"402",402,"2020-02-06 UTC",09:28:00,"568","2020-02-06 UTC",402
"403",403,"2020-02-07 UTC",09:32:00,"572","2020-02-07 UTC",403
"404",404,"2020-02-08 UTC",09:35:00,"575","2020-02-08 UTC",404
"405",405,"2020-02-09 UTC",09:39:00,"579","2020-02-09 UTC",405
"406",406,"2020-02-10 UTC",09:42:00,"582","2020-02-10 UTC",406
"407",407,"2020-02-11 UTC",09:46:00,"586","2020-02-11 UTC",407
"408",408,"2020-02-12 UTC",09:49:00,"589","2020-02-12 UTC",408
"409",409,"2020-02-13 UTC",09:53:00,"593","2020-02-13 UTC",409
"410",410,"2020-02-14 UTC",09:57:00,"597","2020-02-14 UTC",410
"411",411,"2020-02-15 UTC",10:00:00,"600","2020-02-15 UTC",411
"412",412,"2020-02-16 UTC",10:04:00,"604","2020-02-16 UTC",412
"413",413,"2020-02-17 UTC",10:08:00,"608","2020-02-17 UTC",413
"414",414,"2020-02-18 UTC",10:11:00,"611","2020-02-18 UTC",414
"415",415,"2020-02-19 UTC",10:15:00,"615","2020-02-19 UTC",415
"416",416,"2020-02-20 UTC",10:19:00,"619","2020-02-20 UTC",416
"417",417,"2020-02-21 UTC",10:23:00,"623","2020-02-21 UTC",417
"418",418,"2020-02-22 UTC",10:27:00,"627","2020-02-22 UTC",418
"419",419,"2020-02-23 UTC",10:30:00,"630","2020-02-23 UTC",419
"420",420,"2020-02-24 UTC",10:34:00,"634","2020-02-24 UTC",420
"421",421,"2020-02-25 UTC",10:38:00,"638","2020-02-25 UTC",421
"422",422,"2020-02-26 UTC",10:42:00,"642","2020-02-26 UTC",422
"423",423,"2020-02-27 UTC",10:46:00,"646","2020-02-27 UTC",423
"424",424,"2020-02-28 UTC",10:50:00,"650","2020-02-28 UTC",424
"425",425,"2020-02-29 UTC",10:53:00,"653","2020-02-29 UTC",425
"426",426,"2020-03-01 UTC",10:57:00,"657","2020-03-01 UTC",426
"427",427,"2020-03-02 UTC",11:01:00,"661","2020-03-02 UTC",427
"428",428,"2020-03-03 UTC",11:05:00,"665","2020-03-03 UTC",428
"429",429,"2020-03-04 UTC",11:09:00,"669","2020-03-04 UTC",429
"430",430,"2020-03-05 UTC",11:13:00,"673","2020-03-05 UTC",430
"431",431,"2020-03-06 UTC",11:17:00,"677","2020-03-06 UTC",431
"432",432,"2020-03-07 UTC",11:21:00,"681","2020-03-07 UTC",432
"433",433,"2020-03-08 UTC",11:25:00,"685","2020-03-08 UTC",433
"434",434,"2020-03-09 UTC",11:29:00,"689","2020-03-09 UTC",434
"435",435,"2020-03-10 UTC",11:33:00,"693","2020-03-10 UTC",435
"436",436,"2020-03-11 UTC",11:36:00,"696","2020-03-11 UTC",436
"437",437,"2020-03-12 UTC",11:40:00,"700","2020-03-12 UTC",437
"438",438,"2020-03-13 UTC",11:44:00,"704","2020-03-13 UTC",438
"439",439,"2020-03-14 UTC",11:48:00,"708","2020-03-14 UTC",439
"440",440,"2020-03-15 UTC",11:52:00,"712","2020-03-15 UTC",440
"441",441,"2020-03-16 UTC",11:56:00,"716","2020-03-16 UTC",441
"442",442,"2020-03-17 UTC",12:00:00,"720","2020-03-17 UTC",442
"443",443,"2020-03-18 UTC",12:04:00,"724","2020-03-18 UTC",443
"444",444,"2020-03-19 UTC",12:08:00,"728","2020-03-19 UTC",444
"445",445,"2020-03-20 UTC",12:12:00,"732","2020-03-20 UTC",445
"446",446,"2020-03-21 UTC",12:16:00,"736","2020-03-21 UTC",446
"447",447,"2020-03-22 UTC",12:20:00,"740","2020-03-22 UTC",447
"448",448,"2020-03-23 UTC",12:24:00,"744","2020-03-23 UTC",448
"449",449,"2020-03-24 UTC",12:27:00,"747","2020-03-24 UTC",449
"450",450,"2020-03-25 UTC",12:31:00,"751","2020-03-25 UTC",450
"451",451,"2020-03-26 UTC",12:35:00,"755","2020-03-26 UTC",451
"452",452,"2020-03-27 UTC",12:39:00,"759","2020-03-27 UTC",452
"453",453,"2020-03-28 UTC",12:43:00,"763","2020-03-28 UTC",453
"454",454,"2020-03-29 UTC",12:47:00,"767","2020-03-29 UTC",454
"455",455,"2020-03-30 UTC",12:51:00,"771","2020-03-30 UTC",455
"456",456,"2020-03-31 UTC",12:55:00,"775","2020-03-31 UTC",456
"457",457,"2020-04-01 UTC",12:59:00,"779","2020-04-01 UTC",457
"458",458,"2020-04-02 UTC",13:03:00,"783","2020-04-02 UTC",458
"459",459,"2020-04-03 UTC",13:07:00,"787","2020-04-03 UTC",459
"460",460,"2020-04-04 UTC",13:10:00,"790","2020-04-04 UTC",460
"461",461,"2020-04-05 UTC",13:14:00,"794","2020-04-05 UTC",461
"462",462,"2020-04-06 UTC",13:18:00,"798","2020-04-06 UTC",462
"463",463,"2020-04-07 UTC",13:22:00,"802","2020-04-07 UTC",463
"464",464,"2020-04-08 UTC",13:26:00,"806","2020-04-08 UTC",464
"465",465,"2020-04-09 UTC",13:30:00,"810","2020-04-09 UTC",465
"466",466,"2020-04-10 UTC",13:34:00,"814","2020-04-10 UTC",466
"467",467,"2020-04-11 UTC",13:37:00,"817","2020-04-11 UTC",467
"468",468,"2020-04-12 UTC",13:41:00,"821","2020-04-12 UTC",468
"469",469,"2020-04-13 UTC",13:45:00,"825","2020-04-13 UTC",469
"470",470,"2020-04-14 UTC",13:49:00,"829","2020-04-14 UTC",470
"471",471,"2020-04-15 UTC",13:53:00,"833","2020-04-15 UTC",471
"472",472,"2020-04-16 UTC",13:56:00,"836","2020-04-16 UTC",472
"473",473,"2020-04-17 UTC",14:00:00,"840","2020-04-17 UTC",473
"474",474,"2020-04-18 UTC",14:04:00,"844","2020-04-18 UTC",474
"475",475,"2020-04-19 UTC",14:08:00,"848","2020-04-19 UTC",475
"476",476,"2020-04-20 UTC",14:11:00,"851","2020-04-20 UTC",476
"477",477,"2020-04-21 UTC",14:15:00,"855","2020-04-21 UTC",477
"478",478,"2020-04-22 UTC",14:19:00,"859","2020-04-22 UTC",478
"479",479,"2020-04-23 UTC",14:22:00,"862","2020-04-23 UTC",479
"480",480,"2020-04-24 UTC",14:26:00,"866","2020-04-24 UTC",480
"481",481,"2020-04-25 UTC",14:30:00,"870","2020-04-25 UTC",481
"482",482,"2020-04-26 UTC",14:33:00,"873","2020-04-26 UTC",482
"483",483,"2020-04-27 UTC",14:37:00,"877","2020-04-27 UTC",483
"484",484,"2020-04-28 UTC",14:40:00,"880","2020-04-28 UTC",484
"485",485,"2020-04-29 UTC",14:44:00,"884","2020-04-29 UTC",485
"486",486,"2020-04-30 UTC",14:47:00,"887","2020-04-30 UTC",486
"487",487,"2020-05-01 UTC",14:51:00,"891","2020-05-01 UTC",487
"488",488,"2020-05-02 UTC",14:54:00,"894","2020-05-02 UTC",488
"489",489,"2020-05-03 UTC",14:58:00,"898","2020-05-03 UTC",489
"490",490,"2020-05-04 UTC",15:01:00,"901","2020-05-04 UTC",490
"491",491,"2020-05-05 UTC",15:04:00,"904","2020-05-05 UTC",491
"492",492,"2020-05-06 UTC",15:08:00,"908","2020-05-06 UTC",492
"493",493,"2020-05-07 UTC",15:11:00,"911","2020-05-07 UTC",493
"494",494,"2020-05-08 UTC",15:14:00,"914","2020-05-08 UTC",494
"495",495,"2020-05-09 UTC",15:18:00,"918","2020-05-09 UTC",495
"496",496,"2020-05-10 UTC",15:21:00,"921","2020-05-10 UTC",496
"497",497,"2020-05-11 UTC",15:24:00,"924","2020-05-11 UTC",497
"498",498,"2020-05-12 UTC",15:27:00,"927","2020-05-12 UTC",498
"499",499,"2020-05-13 UTC",15:30:00,"930","2020-05-13 UTC",499
"500",500,"2020-05-14 UTC",15:33:00,"933","2020-05-14 UTC",500
"501",501,"2020-05-15 UTC",15:36:00,"936","2020-05-15 UTC",501
"502",502,"2020-05-16 UTC",15:39:00,"939","2020-05-16 UTC",502
"503",503,"2020-05-17 UTC",15:42:00,"942","2020-05-17 UTC",503
"504",504,"2020-05-18 UTC",15:44:00,"944","2020-05-18 UTC",504
"505",505,"2020-05-19 UTC",15:47:00,"947","2020-05-19 UTC",505
"506",506,"2020-05-20 UTC",15:50:00,"950","2020-05-20 UTC",506
"507",507,"2020-05-21 UTC",15:53:00,"953","2020-05-21 UTC",507
"508",508,"2020-05-22 UTC",15:55:00,"955","2020-05-22 UTC",508
"509",509,"2020-05-23 UTC",15:58:00,"958","2020-05-23 UTC",509
"510",510,"2020-05-24 UTC",16:00:00,"960","2020-05-24 UTC",510
"511",511,"2020-05-25 UTC",16:02:00,"962","2020-05-25 UTC",511
"512",512,"2020-05-26 UTC",16:05:00,"965","2020-05-26 UTC",512
"513",513,"2020-05-27 UTC",16:07:00,"967","2020-05-27 UTC",513
"514",514,"2020-05-28 UTC",16:09:00,"969","2020-05-28 UTC",514
"515",515,"2020-05-29 UTC",16:11:00,"971","2020-05-29 UTC",515
"516",516,"2020-05-30 UTC",16:13:00,"973","2020-05-30 UTC",516
"517",517,"2020-05-31 UTC",16:15:00,"975","2020-05-31 UTC",517
"518",518,"2020-06-01 UTC",16:17:00,"977","2020-06-01 UTC",518
"519",519,"2020-06-02 UTC",16:19:00,"979","2020-06-02 UTC",519
"520",520,"2020-06-03 UTC",16:20:00,"980","2020-06-03 UTC",520
"521",521,"2020-06-04 UTC",16:22:00,"982","2020-06-04 UTC",521
"522",522,"2020-06-05 UTC",16:24:00,"984","2020-06-05 UTC",522
"523",523,"2020-06-06 UTC",16:25:00,"985","2020-06-06 UTC",523
"524",524,"2020-06-07 UTC",16:26:00,"986","2020-06-07 UTC",524
"525",525,"2020-06-08 UTC",16:28:00,"988","2020-06-08 UTC",525
"526",526,"2020-06-09 UTC",16:29:00,"989","2020-06-09 UTC",526
"527",527,"2020-06-10 UTC",16:30:00,"990","2020-06-10 UTC",527
"528",528,"2020-06-11 UTC",16:31:00,"991","2020-06-11 UTC",528
"529",529,"2020-06-12 UTC",16:32:00,"992","2020-06-12 UTC",529
"530",530,"2020-06-13 UTC",16:32:00,"992","2020-06-13 UTC",530
"531",531,"2020-06-14 UTC",16:33:00,"993","2020-06-14 UTC",531
"532",532,"2020-06-15 UTC",16:34:00,"994","2020-06-15 UTC",532
"533",533,"2020-06-16 UTC",16:34:00,"994","2020-06-16 UTC",533
"534",534,"2020-06-17 UTC",16:35:00,"995","2020-06-17 UTC",534
"535",535,"2020-06-18 UTC",16:35:00,"995","2020-06-18 UTC",535
"536",536,"2020-06-19 UTC",16:35:00,"995","2020-06-19 UTC",536
"537",537,"2020-06-20 UTC",16:35:00,"995","2020-06-20 UTC",537
"538",538,"2020-06-21 UTC",16:35:00,"995","2020-06-21 UTC",538
"539",539,"2020-06-22 UTC",16:35:00,"995","2020-06-22 UTC",539
"540",540,"2020-06-23 UTC",16:35:00,"995","2020-06-23 UTC",540
"541",541,"2020-06-24 UTC",16:35:00,"995","2020-06-24 UTC",541
"542",542,"2020-06-25 UTC",16:34:00,"994","2020-06-25 UTC",542
"543",543,"2020-06-26 UTC",16:34:00,"994","2020-06-26 UTC",543
"544",544,"2020-06-27 UTC",16:33:00,"993","2020-06-27 UTC",544
"545",545,"2020-06-28 UTC",16:32:00,"992","2020-06-28 UTC",545
"546",546,"2020-06-29 UTC",16:32:00,"992","2020-06-29 UTC",546
"547",547,"2020-06-30 UTC",16:31:00,"991","2020-06-30 UTC",547
"548",548,"2020-07-01 UTC",16:30:00,"990","2020-07-01 UTC",548
"549",549,"2020-07-02 UTC",16:29:00,"989","2020-07-02 UTC",549
"550",550,"2020-07-03 UTC",16:27:00,"987","2020-07-03 UTC",550
"551",551,"2020-07-04 UTC",16:26:00,"986","2020-07-04 UTC",551
"552",552,"2020-07-05 UTC",16:25:00,"985","2020-07-05 UTC",552
"553",553,"2020-07-06 UTC",16:23:00,"983","2020-07-06 UTC",553
"554",554,"2020-07-07 UTC",16:22:00,"982","2020-07-07 UTC",554
"555",555,"2020-07-08 UTC",16:20:00,"980","2020-07-08 UTC",555
"556",556,"2020-07-09 UTC",16:19:00,"979","2020-07-09 UTC",556
"557",557,"2020-07-10 UTC",16:17:00,"977","2020-07-10 UTC",557
"558",558,"2020-07-11 UTC",16:15:00,"975","2020-07-11 UTC",558
"559",559,"2020-07-12 UTC",16:13:00,"973","2020-07-12 UTC",559
"560",560,"2020-07-13 UTC",16:11:00,"971","2020-07-13 UTC",560
"561",561,"2020-07-14 UTC",16:09:00,"969","2020-07-14 UTC",561
"562",562,"2020-07-15 UTC",16:07:00,"967","2020-07-15 UTC",562
"563",563,"2020-07-16 UTC",16:05:00,"965","2020-07-16 UTC",563
"564",564,"2020-07-17 UTC",16:02:00,"962","2020-07-17 UTC",564
"565",565,"2020-07-18 UTC",16:00:00,"960","2020-07-18 UTC",565
"566",566,"2020-07-19 UTC",15:57:00,"957","2020-07-19 UTC",566
"567",567,"2020-07-20 UTC",15:55:00,"955","2020-07-20 UTC",567
"568",568,"2020-07-21 UTC",15:52:00,"952","2020-07-21 UTC",568
"569",569,"2020-07-22 UTC",15:50:00,"950","2020-07-22 UTC",569
"570",570,"2020-07-23 UTC",15:47:00,"947","2020-07-23 UTC",570
"571",571,"2020-07-24 UTC",15:44:00,"944","2020-07-24 UTC",571
"572",572,"2020-07-25 UTC",15:42:00,"942","2020-07-25 UTC",572
"573",573,"2020-07-26 UTC",15:39:00,"939","2020-07-26 UTC",573
"574",574,"2020-07-27 UTC",15:36:00,"936","2020-07-27 UTC",574
"575",575,"2020-07-28 UTC",15:33:00,"933","2020-07-28 UTC",575
"576",576,"2020-07-29 UTC",15:30:00,"930","2020-07-29 UTC",576
"577",577,"2020-07-30 UTC",15:27:00,"927","2020-07-30 UTC",577
"578",578,"2020-07-31 UTC",15:24:00,"924","2020-07-31 UTC",578
"579",579,"2020-08-01 UTC",15:21:00,"921","2020-08-01 UTC",579
"580",580,"2020-08-02 UTC",15:18:00,"918","2020-08-02 UTC",580
"581",581,"2020-08-03 UTC",15:15:00,"915","2020-08-03 UTC",581
"582",582,"2020-08-04 UTC",15:11:00,"911","2020-08-04 UTC",582
"583",583,"2020-08-05 UTC",15:08:00,"908","2020-08-05 UTC",583
"584",584,"2020-08-06 UTC",15:05:00,"905","2020-08-06 UTC",584
"585",585,"2020-08-07 UTC",15:01:00,"901","2020-08-07 UTC",585
"586",586,"2020-08-08 UTC",14:58:00,"898","2020-08-08 UTC",586
"587",587,"2020-08-09 UTC",14:55:00,"895","2020-08-09 UTC",587
"588",588,"2020-08-10 UTC",14:51:00,"891","2020-08-10 UTC",588
"589",589,"2020-08-11 UTC",14:48:00,"888","2020-08-11 UTC",589
"590",590,"2020-08-12 UTC",14:44:00,"884","2020-08-12 UTC",590
"591",591,"2020-08-13 UTC",14:41:00,"881","2020-08-13 UTC",591
"592",592,"2020-08-14 UTC",14:37:00,"877","2020-08-14 UTC",592
"593",593,"2020-08-15 UTC",14:34:00,"874","2020-08-15 UTC",593
"594",594,"2020-08-16 UTC",14:30:00,"870","2020-08-16 UTC",594
"595",595,"2020-08-17 UTC",14:27:00,"867","2020-08-17 UTC",595
"596",596,"2020-08-18 UTC",14:23:00,"863","2020-08-18 UTC",596
"597",597,"2020-08-19 UTC",14:20:00,"860","2020-08-19 UTC",597
"598",598,"2020-08-20 UTC",14:16:00,"856","2020-08-20 UTC",598
"599",599,"2020-08-21 UTC",14:12:00,"852","2020-08-21 UTC",599
"600",600,"2020-08-22 UTC",14:09:00,"849","2020-08-22 UTC",600
"601",601,"2020-08-23 UTC",14:05:00,"845","2020-08-23 UTC",601
"602",602,"2020-08-24 UTC",14:01:00,"841","2020-08-24 UTC",602
"603",603,"2020-08-25 UTC",13:58:00,"838","2020-08-25 UTC",603
"604",604,"2020-08-26 UTC",13:54:00,"834","2020-08-26 UTC",604
"605",605,"2020-08-27 UTC",13:50:00,"830","2020-08-27 UTC",605
"606",606,"2020-08-28 UTC",13:46:00,"826","2020-08-28 UTC",606
"607",607,"2020-08-29 UTC",13:43:00,"823","2020-08-29 UTC",607
"608",608,"2020-08-30 UTC",13:39:00,"819","2020-08-30 UTC",608
"609",609,"2020-08-31 UTC",13:35:00,"815","2020-08-31 UTC",609
"610",610,"2020-09-01 UTC",13:31:00,"811","2020-09-01 UTC",610
"611",611,"2020-09-02 UTC",13:28:00,"808","2020-09-02 UTC",611
"612",612,"2020-09-03 UTC",13:24:00,"804","2020-09-03 UTC",612
"613",613,"2020-09-04 UTC",13:20:00,"800","2020-09-04 UTC",613
"614",614,"2020-09-05 UTC",13:16:00,"796","2020-09-05 UTC",614
"615",615,"2020-09-06 UTC",13:12:00,"792","2020-09-06 UTC",615
"616",616,"2020-09-07 UTC",13:09:00,"789","2020-09-07 UTC",616
"617",617,"2020-09-08 UTC",13:05:00,"785","2020-09-08 UTC",617
"618",618,"2020-09-09 UTC",13:01:00,"781","2020-09-09 UTC",618
"619",619,"2020-09-10 UTC",12:57:00,"777","2020-09-10 UTC",619
"620",620,"2020-09-11 UTC",12:53:00,"773","2020-09-11 UTC",620
"621",621,"2020-09-12 UTC",12:49:00,"769","2020-09-12 UTC",621
"622",622,"2020-09-13 UTC",12:46:00,"766","2020-09-13 UTC",622
"623",623,"2020-09-14 UTC",12:42:00,"762","2020-09-14 UTC",623
"624",624,"2020-09-15 UTC",12:38:00,"758","2020-09-15 UTC",624
"625",625,"2020-09-16 UTC",12:34:00,"754","2020-09-16 UTC",625
"626",626,"2020-09-17 UTC",12:30:00,"750","2020-09-17 UTC",626
"627",627,"2020-09-18 UTC",12:26:00,"746","2020-09-18 UTC",627
"628",628,"2020-09-19 UTC",12:22:00,"742","2020-09-19 UTC",628
"629",629,"2020-09-20 UTC",12:19:00,"739","2020-09-20 UTC",629
"630",630,"2020-09-21 UTC",12:15:00,"735","2020-09-21 UTC",630
"631",631,"2020-09-22 UTC",12:11:00,"731","2020-09-22 UTC",631
"632",632,"2020-09-23 UTC",12:07:00,"727","2020-09-23 UTC",632
"633",633,"2020-09-24 UTC",12:03:00,"723","2020-09-24 UTC",633
"634",634,"2020-09-25 UTC",11:59:00,"719","2020-09-25 UTC",634
"635",635,"2020-09-26 UTC",11:55:00,"715","2020-09-26 UTC",635
"636",636,"2020-09-27 UTC",11:51:00,"711","2020-09-27 UTC",636
"637",637,"2020-09-28 UTC",11:47:00,"707","2020-09-28 UTC",637
"638",638,"2020-09-29 UTC",11:44:00,"704","2020-09-29 UTC",638
"639",639,"2020-09-30 UTC",11:40:00,"700","2020-09-30 UTC",639
"640",640,"2020-10-01 UTC",11:36:00,"696","2020-10-01 UTC",640
"641",641,"2020-10-02 UTC",11:32:00,"692","2020-10-02 UTC",641
"642",642,"2020-10-03 UTC",11:28:00,"688","2020-10-03 UTC",642
"643",643,"2020-10-04 UTC",11:24:00,"684","2020-10-04 UTC",643
"644",644,"2020-10-05 UTC",11:20:00,"680","2020-10-05 UTC",644
"645",645,"2020-10-06 UTC",11:17:00,"677","2020-10-06 UTC",645
"646",646,"2020-10-07 UTC",11:13:00,"673","2020-10-07 UTC",646
"647",647,"2020-10-08 UTC",11:09:00,"669","2020-10-08 UTC",647
"648",648,"2020-10-09 UTC",11:05:00,"665","2020-10-09 UTC",648
"649",649,"2020-10-10 UTC",11:01:00,"661","2020-10-10 UTC",649
"650",650,"2020-10-11 UTC",10:57:00,"657","2020-10-11 UTC",650
"651",651,"2020-10-12 UTC",10:54:00,"654","2020-10-12 UTC",651
"652",652,"2020-10-13 UTC",10:50:00,"650","2020-10-13 UTC",652
"653",653,"2020-10-14 UTC",10:46:00,"646","2020-10-14 UTC",653
"654",654,"2020-10-15 UTC",10:42:00,"642","2020-10-15 UTC",654
"655",655,"2020-10-16 UTC",10:38:00,"638","2020-10-16 UTC",655
"656",656,"2020-10-17 UTC",10:35:00,"635","2020-10-17 UTC",656
"657",657,"2020-10-18 UTC",10:31:00,"631","2020-10-18 UTC",657
"658",658,"2020-10-19 UTC",10:27:00,"627","2020-10-19 UTC",658
"659",659,"2020-10-20 UTC",10:23:00,"623","2020-10-20 UTC",659
"660",660,"2020-10-21 UTC",10:20:00,"620","2020-10-21 UTC",660
"661",661,"2020-10-22 UTC",10:16:00,"616","2020-10-22 UTC",661
"662",662,"2020-10-23 UTC",10:12:00,"612","2020-10-23 UTC",662
"663",663,"2020-10-24 UTC",10:08:00,"608","2020-10-24 UTC",663
"664",664,"2020-10-25 UTC",10:05:00,"605","2020-10-25 UTC",664
"665",665,"2020-10-26 UTC",10:01:00,"601","2020-10-26 UTC",665
"666",666,"2020-10-27 UTC",09:57:00,"597","2020-10-27 UTC",666
"667",667,"2020-10-28 UTC",09:54:00,"594","2020-10-28 UTC",667
"668",668,"2020-10-29 UTC",09:50:00,"590","2020-10-29 UTC",668
"669",669,"2020-10-30 UTC",09:47:00,"587","2020-10-30 UTC",669
"670",670,"2020-10-31 UTC",09:43:00,"583","2020-10-31 UTC",670
"671",671,"2020-11-01 UTC",09:40:00,"580","2020-11-01 UTC",671
"672",672,"2020-11-02 UTC",09:36:00,"576","2020-11-02 UTC",672
"673",673,"2020-11-03 UTC",09:33:00,"573","2020-11-03 UTC",673
"674",674,"2020-11-04 UTC",09:29:00,"569","2020-11-04 UTC",674
"675",675,"2020-11-05 UTC",09:26:00,"566","2020-11-05 UTC",675
"676",676,"2020-11-06 UTC",09:22:00,"562","2020-11-06 UTC",676
"677",677,"2020-11-07 UTC",09:19:00,"559","2020-11-07 UTC",677
"678",678,"2020-11-08 UTC",09:16:00,"556","2020-11-08 UTC",678
"679",679,"2020-11-09 UTC",09:12:00,"552","2020-11-09 UTC",679
"680",680,"2020-11-10 UTC",09:09:00,"549","2020-11-10 UTC",680
"681",681,"2020-11-11 UTC",09:06:00,"546","2020-11-11 UTC",681
"682",682,"2020-11-12 UTC",09:03:00,"543","2020-11-12 UTC",682
"683",683,"2020-11-13 UTC",09:00:00,"540","2020-11-13 UTC",683
"684",684,"2020-11-14 UTC",08:57:00,"537","2020-11-14 UTC",684
"685",685,"2020-11-15 UTC",08:54:00,"534","2020-11-15 UTC",685
"686",686,"2020-11-16 UTC",08:51:00,"531","2020-11-16 UTC",686
"687",687,"2020-11-17 UTC",08:48:00,"528","2020-11-17 UTC",687
"688",688,"2020-11-18 UTC",08:45:00,"525","2020-11-18 UTC",688
"689",689,"2020-11-19 UTC",08:42:00,"522","2020-11-19 UTC",689
"690",690,"2020-11-20 UTC",08:39:00,"519","2020-11-20 UTC",690
"691",691,"2020-11-21 UTC",08:36:00,"516","2020-11-21 UTC",691
"692",692,"2020-11-22 UTC",08:34:00,"514","2020-11-22 UTC",692
"693",693,"2020-11-23 UTC",08:31:00,"511","2020-11-23 UTC",693
"694",694,"2020-11-24 UTC",08:29:00,"509","2020-11-24 UTC",694
"695",695,"2020-11-25 UTC",08:26:00,"506","2020-11-25 UTC",695
"696",696,"2020-11-26 UTC",08:24:00,"504","2020-11-26 UTC",696
"697",697,"2020-11-27 UTC",08:22:00,"502","2020-11-27 UTC",697
"698",698,"2020-11-28 UTC",08:19:00,"499","2020-11-28 UTC",698
"699",699,"2020-11-29 UTC",08:17:00,"497","2020-11-29 UTC",699
"700",700,"2020-11-30 UTC",08:15:00,"495","2020-11-30 UTC",700
"701",701,"2020-12-01 UTC",08:13:00,"493","2020-12-01 UTC",701
"702",702,"2020-12-02 UTC",08:11:00,"491","2020-12-02 UTC",702
"703",703,"2020-12-03 UTC",08:09:00,"489","2020-12-03 UTC",703
"704",704,"2020-12-04 UTC",08:08:00,"488","2020-12-04 UTC",704
"705",705,"2020-12-05 UTC",08:06:00,"486","2020-12-05 UTC",705
"706",706,"2020-12-06 UTC",08:04:00,"484","2020-12-06 UTC",706
"707",707,"2020-12-07 UTC",08:03:00,"483","2020-12-07 UTC",707
"708",708,"2020-12-08 UTC",08:01:00,"481","2020-12-08 UTC",708
"709",709,"2020-12-09 UTC",08:00:00,"480","2020-12-09 UTC",709
"710",710,"2020-12-10 UTC",07:59:00,"479","2020-12-10 UTC",710
"711",711,"2020-12-11 UTC",07:58:00,"478","2020-12-11 UTC",711
"712",712,"2020-12-12 UTC",07:57:00,"477","2020-12-12 UTC",712
"713",713,"2020-12-13 UTC",07:56:00,"476","2020-12-13 UTC",713
"714",714,"2020-12-14 UTC",07:55:00,"475","2020-12-14 UTC",714
"715",715,"2020-12-15 UTC",07:54:00,"474","2020-12-15 UTC",715
"716",716,"2020-12-16 UTC",07:54:00,"474","2020-12-16 UTC",716
"717",717,"2020-12-17 UTC",07:53:00,"473","2020-12-17 UTC",717
"718",718,"2020-12-18 UTC",07:53:00,"473","2020-12-18 UTC",718
"719",719,"2020-12-19 UTC",07:53:00,"473","2020-12-19 UTC",719
"720",720,"2020-12-20 UTC",07:53:00,"473","2020-12-20 UTC",720
"721",721,"2020-12-21 UTC",07:53:00,"473","2020-12-21 UTC",721
"722",722,"2020-12-22 UTC",07:53:00,"473","2020-12-22 UTC",722
"723",723,"2020-12-23 UTC",07:53:00,"473","2020-12-23 UTC",723
"724",724,"2020-12-24 UTC",07:53:00,"473","2020-12-24 UTC",724
"725",725,"2020-12-25 UTC",07:54:00,"474","2020-12-25 UTC",725
"726",726,"2020-12-26 UTC",07:54:00,"474","2020-12-26 UTC",726
"727",727,"2020-12-27 UTC",07:55:00,"475","2020-12-27 UTC",727
"728",728,"2020-12-28 UTC",07:55:00,"475","2020-12-28 UTC",728
"729",729,"2020-12-29 UTC",07:56:00,"476","2020-12-29 UTC",729
"730",730,"2020-12-30 UTC",07:57:00,"477","2020-12-30 UTC",730
"731",731,"2020-12-31 UTC",07:58:00,"478","2020-12-31 UTC",731
"732",732,"2021-01-01 UTC",07:59:00,"479","2021-01-01 UTC",732
"733",733,"2021-01-02 UTC",08:00:00,"480","2021-01-02 UTC",733
"734",734,"2021-01-03 UTC",08:02:00,"482","2021-01-03 UTC",734
"735",735,"2021-01-04 UTC",08:03:00,"483","2021-01-04 UTC",735
"736",736,"2021-01-05 UTC",08:05:00,"485","2021-01-05 UTC",736
"737",737,"2021-01-06 UTC",08:06:00,"486","2021-01-06 UTC",737
"738",738,"2021-01-07 UTC",08:08:00,"488","2021-01-07 UTC",738
"739",739,"2021-01-08 UTC",08:10:00,"490","2021-01-08 UTC",739
"740",740,"2021-01-09 UTC",08:11:00,"491","2021-01-09 UTC",740
"741",741,"2021-01-10 UTC",08:13:00,"493","2021-01-10 UTC",741
"742",742,"2021-01-11 UTC",08:15:00,"495","2021-01-11 UTC",742
"743",743,"2021-01-12 UTC",08:18:00,"498","2021-01-12 UTC",743
"744",744,"2021-01-13 UTC",08:20:00,"500","2021-01-13 UTC",744
"745",745,"2021-01-14 UTC",08:22:00,"502","2021-01-14 UTC",745
"746",746,"2021-01-15 UTC",08:24:00,"504","2021-01-15 UTC",746
"747",747,"2021-01-16 UTC",08:27:00,"507","2021-01-16 UTC",747
"748",748,"2021-01-17 UTC",08:29:00,"509","2021-01-17 UTC",748
"749",749,"2021-01-18 UTC",08:32:00,"512","2021-01-18 UTC",749
"750",750,"2021-01-19 UTC",08:34:00,"514","2021-01-19 UTC",750
"751",751,"2021-01-20 UTC",08:37:00,"517","2021-01-20 UTC",751
"752",752,"2021-01-21 UTC",08:40:00,"520","2021-01-21 UTC",752
"753",753,"2021-01-22 UTC",08:43:00,"523","2021-01-22 UTC",753
"754",754,"2021-01-23 UTC",08:46:00,"526","2021-01-23 UTC",754
"755",755,"2021-01-24 UTC",08:48:00,"528","2021-01-24 UTC",755
"756",756,"2021-01-25 UTC",08:51:00,"531","2021-01-25 UTC",756
"757",757,"2021-01-26 UTC",08:54:00,"534","2021-01-26 UTC",757
"758",758,"2021-01-27 UTC",08:58:00,"538","2021-01-27 UTC",758
"759",759,"2021-01-28 UTC",09:01:00,"541","2021-01-28 UTC",759
"760",760,"2021-01-29 UTC",09:04:00,"544","2021-01-29 UTC",760
"761",761,"2021-01-30 UTC",09:07:00,"547","2021-01-30 UTC",761
"762",762,"2021-01-31 UTC",09:10:00,"550","2021-01-31 UTC",762
"763",763,"2021-02-01 UTC",09:14:00,"554","2021-02-01 UTC",763
"764",764,"2021-02-02 UTC",09:17:00,"557","2021-02-02 UTC",764
"765",765,"2021-02-03 UTC",09:20:00,"560","2021-02-03 UTC",765
"766",766,"2021-02-04 UTC",09:24:00,"564","2021-02-04 UTC",766
"767",767,"2021-02-05 UTC",09:27:00,"567","2021-02-05 UTC",767
"768",768,"2021-02-06 UTC",09:31:00,"571","2021-02-06 UTC",768
"769",769,"2021-02-07 UTC",09:34:00,"574","2021-02-07 UTC",769
"770",770,"2021-02-08 UTC",09:38:00,"578","2021-02-08 UTC",770
"771",771,"2021-02-09 UTC",09:41:00,"581","2021-02-09 UTC",771
"772",772,"2021-02-10 UTC",09:45:00,"585","2021-02-10 UTC",772
"773",773,"2021-02-11 UTC",09:48:00,"588","2021-02-11 UTC",773
"774",774,"2021-02-12 UTC",09:52:00,"592","2021-02-12 UTC",774
"775",775,"2021-02-13 UTC",09:56:00,"596","2021-02-13 UTC",775
"776",776,"2021-02-14 UTC",09:59:00,"599","2021-02-14 UTC",776
"777",777,"2021-02-15 UTC",10:03:00,"603","2021-02-15 UTC",777
"778",778,"2021-02-16 UTC",10:07:00,"607","2021-02-16 UTC",778
"779",779,"2021-02-17 UTC",10:11:00,"611","2021-02-17 UTC",779
"780",780,"2021-02-18 UTC",10:14:00,"614","2021-02-18 UTC",780
"781",781,"2021-02-19 UTC",10:18:00,"618","2021-02-19 UTC",781
"782",782,"2021-02-20 UTC",10:22:00,"622","2021-02-20 UTC",782
"783",783,"2021-02-21 UTC",10:26:00,"626","2021-02-21 UTC",783
"784",784,"2021-02-22 UTC",10:29:00,"629","2021-02-22 UTC",784
"785",785,"2021-02-23 UTC",10:33:00,"633","2021-02-23 UTC",785
"786",786,"2021-02-24 UTC",10:37:00,"637","2021-02-24 UTC",786
"787",787,"2021-02-25 UTC",10:41:00,"641","2021-02-25 UTC",787
"788",788,"2021-02-26 UTC",10:45:00,"645","2021-02-26 UTC",788
"789",789,"2021-02-27 UTC",10:49:00,"649","2021-02-27 UTC",789
"790",790,"2021-02-28 UTC",10:52:00,"652","2021-02-28 UTC",790
"791",791,"2021-03-01 UTC",10:56:00,"656","2021-03-01 UTC",791
"792",792,"2021-03-02 UTC",11:00:00,"660","2021-03-02 UTC",792
"793",793,"2021-03-03 UTC",11:04:00,"664","2021-03-03 UTC",793
"794",794,"2021-03-04 UTC",11:08:00,"668","2021-03-04 UTC",794
"795",795,"2021-03-05 UTC",11:12:00,"672","2021-03-05 UTC",795
"796",796,"2021-03-06 UTC",11:16:00,"676","2021-03-06 UTC",796
"797",797,"2021-03-07 UTC",11:20:00,"680","2021-03-07 UTC",797
"798",798,"2021-03-08 UTC",11:24:00,"684","2021-03-08 UTC",798
"799",799,"2021-03-09 UTC",11:28:00,"688","2021-03-09 UTC",799
"800",800,"2021-03-10 UTC",11:32:00,"692","2021-03-10 UTC",800
"801",801,"2021-03-11 UTC",11:35:00,"695","2021-03-11 UTC",801
"802",802,"2021-03-12 UTC",11:39:00,"699","2021-03-12 UTC",802
"803",803,"2021-03-13 UTC",11:43:00,"703","2021-03-13 UTC",803
"804",804,"2021-03-14 UTC",11:47:00,"707","2021-03-14 UTC",804
"805",805,"2021-03-15 UTC",11:51:00,"711","2021-03-15 UTC",805
"806",806,"2021-03-16 UTC",11:55:00,"715","2021-03-16 UTC",806
"807",807,"2021-03-17 UTC",11:59:00,"719","2021-03-17 UTC",807
"808",808,"2021-03-18 UTC",12:03:00,"723","2021-03-18 UTC",808
"809",809,"2021-03-19 UTC",12:07:00,"727","2021-03-19 UTC",809
"810",810,"2021-03-20 UTC",12:11:00,"731","2021-03-20 UTC",810
"811",811,"2021-03-21 UTC",12:15:00,"735","2021-03-21 UTC",811
"812",812,"2021-03-22 UTC",12:19:00,"739","2021-03-22 UTC",812
"813",813,"2021-03-23 UTC",12:23:00,"743","2021-03-23 UTC",813
"814",814,"2021-03-24 UTC",12:27:00,"747","2021-03-24 UTC",814
"815",815,"2021-03-25 UTC",12:30:00,"750","2021-03-25 UTC",815
"816",816,"2021-03-26 UTC",12:34:00,"754","2021-03-26 UTC",816
"817",817,"2021-03-27 UTC",12:38:00,"758","2021-03-27 UTC",817
"818",818,"2021-03-28 UTC",12:42:00,"762","2021-03-28 UTC",818
"819",819,"2021-03-29 UTC",12:46:00,"766","2021-03-29 UTC",819
"820",820,"2021-03-30 UTC",12:50:00,"770","2021-03-30 UTC",820
"821",821,"2021-03-31 UTC",12:54:00,"774","2021-03-31 UTC",821
"822",822,"2021-04-01 UTC",12:58:00,"778","2021-04-01 UTC",822
"823",823,"2021-04-02 UTC",13:02:00,"782","2021-04-02 UTC",823
"824",824,"2021-04-03 UTC",13:06:00,"786","2021-04-03 UTC",824
"825",825,"2021-04-04 UTC",13:10:00,"790","2021-04-04 UTC",825
"826",826,"2021-04-05 UTC",13:13:00,"793","2021-04-05 UTC",826
"827",827,"2021-04-06 UTC",13:17:00,"797","2021-04-06 UTC",827
"828",828,"2021-04-07 UTC",13:21:00,"801","2021-04-07 UTC",828
"829",829,"2021-04-08 UTC",13:25:00,"805","2021-04-08 UTC",829
"830",830,"2021-04-09 UTC",13:29:00,"809","2021-04-09 UTC",830
"831",831,"2021-04-10 UTC",13:33:00,"813","2021-04-10 UTC",831
"832",832,"2021-04-11 UTC",13:37:00,"817","2021-04-11 UTC",832
"833",833,"2021-04-12 UTC",13:40:00,"820","2021-04-12 UTC",833
"834",834,"2021-04-13 UTC",13:44:00,"824","2021-04-13 UTC",834
"835",835,"2021-04-14 UTC",13:48:00,"828","2021-04-14 UTC",835
"836",836,"2021-04-15 UTC",13:52:00,"832","2021-04-15 UTC",836
"837",837,"2021-04-16 UTC",13:56:00,"836","2021-04-16 UTC",837
"838",838,"2021-04-17 UTC",13:59:00,"839","2021-04-17 UTC",838
"839",839,"2021-04-18 UTC",14:03:00,"843","2021-04-18 UTC",839
"840",840,"2021-04-19 UTC",14:07:00,"847","2021-04-19 UTC",840
"841",841,"2021-04-20 UTC",14:10:00,"850","2021-04-20 UTC",841
"842",842,"2021-04-21 UTC",14:14:00,"854","2021-04-21 UTC",842
"843",843,"2021-04-22 UTC",14:18:00,"858","2021-04-22 UTC",843
"844",844,"2021-04-23 UTC",14:22:00,"862","2021-04-23 UTC",844
"845",845,"2021-04-24 UTC",14:25:00,"865","2021-04-24 UTC",845
"846",846,"2021-04-25 UTC",14:29:00,"869","2021-04-25 UTC",846
"847",847,"2021-04-26 UTC",14:32:00,"872","2021-04-26 UTC",847
"848",848,"2021-04-27 UTC",14:36:00,"876","2021-04-27 UTC",848
"849",849,"2021-04-28 UTC",14:40:00,"880","2021-04-28 UTC",849
"850",850,"2021-04-29 UTC",14:43:00,"883","2021-04-29 UTC",850
"851",851,"2021-04-30 UTC",14:47:00,"887","2021-04-30 UTC",851
"852",852,"2021-05-01 UTC",14:50:00,"890","2021-05-01 UTC",852
"853",853,"2021-05-02 UTC",14:54:00,"894","2021-05-02 UTC",853
"854",854,"2021-05-03 UTC",14:57:00,"897","2021-05-03 UTC",854
"855",855,"2021-05-04 UTC",15:00:00,"900","2021-05-04 UTC",855
"856",856,"2021-05-05 UTC",15:04:00,"904","2021-05-05 UTC",856
"857",857,"2021-05-06 UTC",15:07:00,"907","2021-05-06 UTC",857
"858",858,"2021-05-07 UTC",15:10:00,"910","2021-05-07 UTC",858
"859",859,"2021-05-08 UTC",15:14:00,"914","2021-05-08 UTC",859
"860",860,"2021-05-09 UTC",15:17:00,"917","2021-05-09 UTC",860
"861",861,"2021-05-10 UTC",15:20:00,"920","2021-05-10 UTC",861
"862",862,"2021-05-11 UTC",15:23:00,"923","2021-05-11 UTC",862
"863",863,"2021-05-12 UTC",15:26:00,"926","2021-05-12 UTC",863
"864",864,"2021-05-13 UTC",15:29:00,"929","2021-05-13 UTC",864
"865",865,"2021-05-14 UTC",15:32:00,"932","2021-05-14 UTC",865
"866",866,"2021-05-15 UTC",15:35:00,"935","2021-05-15 UTC",866
"867",867,"2021-05-16 UTC",15:38:00,"938","2021-05-16 UTC",867
"868",868,"2021-05-17 UTC",15:41:00,"941","2021-05-17 UTC",868
"869",869,"2021-05-18 UTC",15:44:00,"944","2021-05-18 UTC",869
"870",870,"2021-05-19 UTC",15:47:00,"947","2021-05-19 UTC",870
"871",871,"2021-05-20 UTC",15:49:00,"949","2021-05-20 UTC",871
"872",872,"2021-05-21 UTC",15:52:00,"952","2021-05-21 UTC",872
"873",873,"2021-05-22 UTC",15:54:00,"954","2021-05-22 UTC",873
"874",874,"2021-05-23 UTC",15:57:00,"957","2021-05-23 UTC",874
"875",875,"2021-05-24 UTC",15:59:00,"959","2021-05-24 UTC",875
"876",876,"2021-05-25 UTC",16:02:00,"962","2021-05-25 UTC",876
"877",877,"2021-05-26 UTC",16:04:00,"964","2021-05-26 UTC",877
"878",878,"2021-05-27 UTC",16:06:00,"966","2021-05-27 UTC",878
"879",879,"2021-05-28 UTC",16:09:00,"969","2021-05-28 UTC",879
"880",880,"2021-05-29 UTC",16:11:00,"971","2021-05-29 UTC",880
"881",881,"2021-05-30 UTC",16:13:00,"973","2021-05-30 UTC",881
"882",882,"2021-05-31 UTC",16:15:00,"975","2021-05-31 UTC",882
"883",883,"2021-06-01 UTC",16:17:00,"977","2021-06-01 UTC",883
"884",884,"2021-06-02 UTC",16:18:00,"978","2021-06-02 UTC",884
"885",885,"2021-06-03 UTC",16:20:00,"980","2021-06-03 UTC",885
"886",886,"2021-06-04 UTC",16:22:00,"982","2021-06-04 UTC",886
"887",887,"2021-06-05 UTC",16:23:00,"983","2021-06-05 UTC",887
"888",888,"2021-06-06 UTC",16:25:00,"985","2021-06-06 UTC",888
"889",889,"2021-06-07 UTC",16:26:00,"986","2021-06-07 UTC",889
"890",890,"2021-06-08 UTC",16:27:00,"987","2021-06-08 UTC",890
"891",891,"2021-06-09 UTC",16:29:00,"989","2021-06-09 UTC",891
"892",892,"2021-06-10 UTC",16:30:00,"990","2021-06-10 UTC",892
"893",893,"2021-06-11 UTC",16:31:00,"991","2021-06-11 UTC",893
"894",894,"2021-06-12 UTC",16:31:00,"991","2021-06-12 UTC",894
"895",895,"2021-06-13 UTC",16:32:00,"992","2021-06-13 UTC",895
"896",896,"2021-06-14 UTC",16:33:00,"993","2021-06-14 UTC",896
"897",897,"2021-06-15 UTC",16:34:00,"994","2021-06-15 UTC",897
"898",898,"2021-06-16 UTC",16:34:00,"994","2021-06-16 UTC",898
"899",899,"2021-06-17 UTC",16:35:00,"995","2021-06-17 UTC",899
"900",900,"2021-06-18 UTC",16:35:00,"995","2021-06-18 UTC",900
"901",901,"2021-06-19 UTC",16:35:00,"995","2021-06-19 UTC",901
"902",902,"2021-06-20 UTC",16:35:00,"995","2021-06-20 UTC",902
"903",903,"2021-06-21 UTC",16:35:00,"995","2021-06-21 UTC",903
"904",904,"2021-06-22 UTC",16:35:00,"995","2021-06-22 UTC",904
"905",905,"2021-06-23 UTC",16:35:00,"995","2021-06-23 UTC",905
"906",906,"2021-06-24 UTC",16:35:00,"995","2021-06-24 UTC",906
"907",907,"2021-06-25 UTC",16:34:00,"994","2021-06-25 UTC",907
"908",908,"2021-06-26 UTC",16:34:00,"994","2021-06-26 UTC",908
"909",909,"2021-06-27 UTC",16:33:00,"993","2021-06-27 UTC",909
"910",910,"2021-06-28 UTC",16:32:00,"992","2021-06-28 UTC",910
"911",911,"2021-06-29 UTC",16:32:00,"992","2021-06-29 UTC",911
"912",912,"2021-06-30 UTC",16:31:00,"991","2021-06-30 UTC",912
"913",913,"2021-07-01 UTC",16:30:00,"990","2021-07-01 UTC",913
"914",914,"2021-07-02 UTC",16:29:00,"989","2021-07-02 UTC",914
"915",915,"2021-07-03 UTC",16:28:00,"988","2021-07-03 UTC",915
"916",916,"2021-07-04 UTC",16:26:00,"986","2021-07-04 UTC",916
"917",917,"2021-07-05 UTC",16:25:00,"985","2021-07-05 UTC",917
"918",918,"2021-07-06 UTC",16:24:00,"984","2021-07-06 UTC",918
"919",919,"2021-07-07 UTC",16:22:00,"982","2021-07-07 UTC",919
"920",920,"2021-07-08 UTC",16:21:00,"981","2021-07-08 UTC",920
"921",921,"2021-07-09 UTC",16:19:00,"979","2021-07-09 UTC",921
"922",922,"2021-07-10 UTC",16:17:00,"977","2021-07-10 UTC",922
"923",923,"2021-07-11 UTC",16:15:00,"975","2021-07-11 UTC",923
"924",924,"2021-07-12 UTC",16:13:00,"973","2021-07-12 UTC",924
"925",925,"2021-07-13 UTC",16:11:00,"971","2021-07-13 UTC",925
"926",926,"2021-07-14 UTC",16:09:00,"969","2021-07-14 UTC",926
"927",927,"2021-07-15 UTC",16:07:00,"967","2021-07-15 UTC",927
"928",928,"2021-07-16 UTC",16:05:00,"965","2021-07-16 UTC",928
"929",929,"2021-07-17 UTC",16:03:00,"963","2021-07-17 UTC",929
"930",930,"2021-07-18 UTC",16:00:00,"960","2021-07-18 UTC",930
"931",931,"2021-07-19 UTC",15:58:00,"958","2021-07-19 UTC",931
"932",932,"2021-07-20 UTC",15:56:00,"956","2021-07-20 UTC",932
"933",933,"2021-07-21 UTC",15:53:00,"953","2021-07-21 UTC",933
"934",934,"2021-07-22 UTC",15:50:00,"950","2021-07-22 UTC",934
"935",935,"2021-07-23 UTC",15:48:00,"948","2021-07-23 UTC",935
"936",936,"2021-07-24 UTC",15:45:00,"945","2021-07-24 UTC",936
"937",937,"2021-07-25 UTC",15:42:00,"942","2021-07-25 UTC",937
"938",938,"2021-07-26 UTC",15:40:00,"940","2021-07-26 UTC",938
"939",939,"2021-07-27 UTC",15:37:00,"937","2021-07-27 UTC",939
"940",940,"2021-07-28 UTC",15:34:00,"934","2021-07-28 UTC",940
"941",941,"2021-07-29 UTC",15:31:00,"931","2021-07-29 UTC",941
"942",942,"2021-07-30 UTC",15:28:00,"928","2021-07-30 UTC",942
"943",943,"2021-07-31 UTC",15:25:00,"925","2021-07-31 UTC",943
"944",944,"2021-08-01 UTC",15:22:00,"922","2021-08-01 UTC",944
"945",945,"2021-08-02 UTC",15:19:00,"919","2021-08-02 UTC",945
"946",946,"2021-08-03 UTC",15:15:00,"915","2021-08-03 UTC",946
"947",947,"2021-08-04 UTC",15:12:00,"912","2021-08-04 UTC",947
"948",948,"2021-08-05 UTC",15:09:00,"909","2021-08-05 UTC",948
"949",949,"2021-08-06 UTC",15:06:00,"906","2021-08-06 UTC",949
"950",950,"2021-08-07 UTC",15:02:00,"902","2021-08-07 UTC",950
"951",951,"2021-08-08 UTC",14:59:00,"899","2021-08-08 UTC",951
"952",952,"2021-08-09 UTC",14:56:00,"896","2021-08-09 UTC",952
"953",953,"2021-08-10 UTC",14:52:00,"892","2021-08-10 UTC",953
"954",954,"2021-08-11 UTC",14:49:00,"889","2021-08-11 UTC",954
"955",955,"2021-08-12 UTC",14:45:00,"885","2021-08-12 UTC",955
"956",956,"2021-08-13 UTC",14:42:00,"882","2021-08-13 UTC",956
"957",957,"2021-08-14 UTC",14:38:00,"878","2021-08-14 UTC",957
"958",958,"2021-08-15 UTC",14:35:00,"875","2021-08-15 UTC",958
"959",959,"2021-08-16 UTC",14:31:00,"871","2021-08-16 UTC",959
"960",960,"2021-08-17 UTC",14:28:00,"868","2021-08-17 UTC",960
"961",961,"2021-08-18 UTC",14:24:00,"864","2021-08-18 UTC",961
"962",962,"2021-08-19 UTC",14:20:00,"860","2021-08-19 UTC",962
"963",963,"2021-08-20 UTC",14:17:00,"857","2021-08-20 UTC",963
"964",964,"2021-08-21 UTC",14:13:00,"853","2021-08-21 UTC",964
"965",965,"2021-08-22 UTC",14:10:00,"850","2021-08-22 UTC",965
"966",966,"2021-08-23 UTC",14:06:00,"846","2021-08-23 UTC",966
"967",967,"2021-08-24 UTC",14:02:00,"842","2021-08-24 UTC",967
"968",968,"2021-08-25 UTC",13:59:00,"839","2021-08-25 UTC",968
"969",969,"2021-08-26 UTC",13:55:00,"835","2021-08-26 UTC",969
"970",970,"2021-08-27 UTC",13:51:00,"831","2021-08-27 UTC",970
"971",971,"2021-08-28 UTC",13:47:00,"827","2021-08-28 UTC",971
"972",972,"2021-08-29 UTC",13:44:00,"824","2021-08-29 UTC",972
"973",973,"2021-08-30 UTC",13:40:00,"820","2021-08-30 UTC",973
"974",974,"2021-08-31 UTC",13:36:00,"816","2021-08-31 UTC",974
"975",975,"2021-09-01 UTC",13:32:00,"812","2021-09-01 UTC",975
"976",976,"2021-09-02 UTC",13:29:00,"809","2021-09-02 UTC",976
"977",977,"2021-09-03 UTC",13:25:00,"805","2021-09-03 UTC",977
"978",978,"2021-09-04 UTC",13:21:00,"801","2021-09-04 UTC",978
"979",979,"2021-09-05 UTC",13:17:00,"797","2021-09-05 UTC",979
"980",980,"2021-09-06 UTC",13:13:00,"793","2021-09-06 UTC",980
"981",981,"2021-09-07 UTC",13:09:00,"789","2021-09-07 UTC",981
"982",982,"2021-09-08 UTC",13:06:00,"786","2021-09-08 UTC",982
"983",983,"2021-09-09 UTC",13:02:00,"782","2021-09-09 UTC",983
"984",984,"2021-09-10 UTC",12:58:00,"778","2021-09-10 UTC",984
"985",985,"2021-09-11 UTC",12:54:00,"774","2021-09-11 UTC",985
"986",986,"2021-09-12 UTC",12:50:00,"770","2021-09-12 UTC",986
"987",987,"2021-09-13 UTC",12:46:00,"766","2021-09-13 UTC",987
"988",988,"2021-09-14 UTC",12:43:00,"763","2021-09-14 UTC",988
"989",989,"2021-09-15 UTC",12:39:00,"759","2021-09-15 UTC",989
"990",990,"2021-09-16 UTC",12:35:00,"755","2021-09-16 UTC",990
"991",991,"2021-09-17 UTC",12:31:00,"751","2021-09-17 UTC",991
"992",992,"2021-09-18 UTC",12:27:00,"747","2021-09-18 UTC",992
"993",993,"2021-09-19 UTC",12:23:00,"743","2021-09-19 UTC",993
"994",994,"2021-09-20 UTC",12:19:00,"739","2021-09-20 UTC",994
"995",995,"2021-09-21 UTC",12:16:00,"736","2021-09-21 UTC",995
"996",996,"2021-09-22 UTC",12:12:00,"732","2021-09-22 UTC",996
"997",997,"2021-09-23 UTC",12:08:00,"728","2021-09-23 UTC",997
"998",998,"2021-09-24 UTC",12:04:00,"724","2021-09-24 UTC",998
"999",999,"2021-09-25 UTC",12:00:00,"720","2021-09-25 UTC",999
"1000",1000,"2021-09-26 UTC",11:56:00,"716","2021-09-26 UTC",1000
"1001",1001,"2021-09-27 UTC",11:52:00,"712","2021-09-27 UTC",1001
"1002",1002,"2021-09-28 UTC",11:48:00,"708","2021-09-28 UTC",1002
"1003",1003,"2021-09-29 UTC",11:45:00,"705","2021-09-29 UTC",1003
"1004",1004,"2021-09-30 UTC",11:41:00,"701","2021-09-30 UTC",1004
"1005",1005,"2021-10-01 UTC",11:37:00,"697","2021-10-01 UTC",1005
"1006",1006,"2021-10-02 UTC",11:33:00,"693","2021-10-02 UTC",1006
"1007",1007,"2021-10-03 UTC",11:29:00,"689","2021-10-03 UTC",1007
"1008",1008,"2021-10-04 UTC",11:25:00,"685","2021-10-04 UTC",1008
"1009",1009,"2021-10-05 UTC",11:21:00,"681","2021-10-05 UTC",1009
"1010",1010,"2021-10-06 UTC",11:17:00,"677","2021-10-06 UTC",1010
"1011",1011,"2021-10-07 UTC",11:14:00,"674","2021-10-07 UTC",1011
"1012",1012,"2021-10-08 UTC",11:10:00,"670","2021-10-08 UTC",1012
"1013",1013,"2021-10-09 UTC",11:06:00,"666","2021-10-09 UTC",1013
"1014",1014,"2021-10-10 UTC",11:02:00,"662","2021-10-10 UTC",1014
"1015",1015,"2021-10-11 UTC",10:58:00,"658","2021-10-11 UTC",1015
"1016",1016,"2021-10-12 UTC",10:55:00,"655","2021-10-12 UTC",1016
"1017",1017,"2021-10-13 UTC",10:51:00,"651","2021-10-13 UTC",1017
"1018",1018,"2021-10-14 UTC",10:47:00,"647","2021-10-14 UTC",1018
"1019",1019,"2021-10-15 UTC",10:43:00,"643","2021-10-15 UTC",1019
"1020",1020,"2021-10-16 UTC",10:39:00,"639","2021-10-16 UTC",1020
"1021",1021,"2021-10-17 UTC",10:36:00,"636","2021-10-17 UTC",1021
"1022",1022,"2021-10-18 UTC",10:32:00,"632","2021-10-18 UTC",1022
"1023",1023,"2021-10-19 UTC",10:28:00,"628","2021-10-19 UTC",1023
"1024",1024,"2021-10-20 UTC",10:24:00,"624","2021-10-20 UTC",1024
"1025",1025,"2021-10-21 UTC",10:21:00,"621","2021-10-21 UTC",1025
"1026",1026,"2021-10-22 UTC",10:17:00,"617","2021-10-22 UTC",1026
"1027",1027,"2021-10-23 UTC",10:13:00,"613","2021-10-23 UTC",1027
"1028",1028,"2021-10-24 UTC",10:09:00,"609","2021-10-24 UTC",1028
"1029",1029,"2021-10-25 UTC",10:06:00,"606","2021-10-25 UTC",1029
"1030",1030,"2021-10-26 UTC",10:02:00,"602","2021-10-26 UTC",1030
"1031",1031,"2021-10-27 UTC",09:58:00,"598","2021-10-27 UTC",1031
"1032",1032,"2021-10-28 UTC",09:55:00,"595","2021-10-28 UTC",1032
"1033",1033,"2021-10-29 UTC",09:51:00,"591","2021-10-29 UTC",1033
"1034",1034,"2021-10-30 UTC",09:48:00,"588","2021-10-30 UTC",1034
"1035",1035,"2021-10-31 UTC",09:44:00,"584","2021-10-31 UTC",1035
"1036",1036,"2021-11-01 UTC",09:40:00,"580","2021-11-01 UTC",1036
"1037",1037,"2021-11-02 UTC",09:37:00,"577","2021-11-02 UTC",1037
"1038",1038,"2021-11-03 UTC",09:33:00,"573","2021-11-03 UTC",1038
"1039",1039,"2021-11-04 UTC",09:30:00,"570","2021-11-04 UTC",1039
"1040",1040,"2021-11-05 UTC",09:27:00,"567","2021-11-05 UTC",1040
"1041",1041,"2021-11-06 UTC",09:23:00,"563","2021-11-06 UTC",1041
"1042",1042,"2021-11-07 UTC",09:20:00,"560","2021-11-07 UTC",1042
"1043",1043,"2021-11-08 UTC",09:16:00,"556","2021-11-08 UTC",1043
"1044",1044,"2021-11-09 UTC",09:13:00,"553","2021-11-09 UTC",1044
"1045",1045,"2021-11-10 UTC",09:10:00,"550","2021-11-10 UTC",1045
"1046",1046,"2021-11-11 UTC",09:07:00,"547","2021-11-11 UTC",1046
"1047",1047,"2021-11-12 UTC",09:04:00,"544","2021-11-12 UTC",1047
"1048",1048,"2021-11-13 UTC",09:00:00,"540","2021-11-13 UTC",1048
"1049",1049,"2021-11-14 UTC",08:57:00,"537","2021-11-14 UTC",1049
"1050",1050,"2021-11-15 UTC",08:54:00,"534","2021-11-15 UTC",1050
"1051",1051,"2021-11-16 UTC",08:51:00,"531","2021-11-16 UTC",1051
"1052",1052,"2021-11-17 UTC",08:48:00,"528","2021-11-17 UTC",1052
"1053",1053,"2021-11-18 UTC",08:45:00,"525","2021-11-18 UTC",1053
"1054",1054,"2021-11-19 UTC",08:43:00,"523","2021-11-19 UTC",1054
"1055",1055,"2021-11-20 UTC",08:40:00,"520","2021-11-20 UTC",1055
"1056",1056,"2021-11-21 UTC",08:37:00,"517","2021-11-21 UTC",1056
"1057",1057,"2021-11-22 UTC",08:34:00,"514","2021-11-22 UTC",1057
"1058",1058,"2021-11-23 UTC",08:32:00,"512","2021-11-23 UTC",1058
"1059",1059,"2021-11-24 UTC",08:29:00,"509","2021-11-24 UTC",1059
"1060",1060,"2021-11-25 UTC",08:27:00,"507","2021-11-25 UTC",1060
"1061",1061,"2021-11-26 UTC",08:24:00,"504","2021-11-26 UTC",1061
"1062",1062,"2021-11-27 UTC",08:22:00,"502","2021-11-27 UTC",1062
"1063",1063,"2021-11-28 UTC",08:20:00,"500","2021-11-28 UTC",1063
"1064",1064,"2021-11-29 UTC",08:18:00,"498","2021-11-29 UTC",1064
"1065",1065,"2021-11-30 UTC",08:16:00,"496","2021-11-30 UTC",1065
"1066",1066,"2021-12-01 UTC",08:14:00,"494","2021-12-01 UTC",1066
"1067",1067,"2021-12-02 UTC",08:12:00,"492","2021-12-02 UTC",1067
"1068",1068,"2021-12-03 UTC",08:10:00,"490","2021-12-03 UTC",1068
"1069",1069,"2021-12-04 UTC",08:08:00,"488","2021-12-04 UTC",1069
"1070",1070,"2021-12-05 UTC",08:06:00,"486","2021-12-05 UTC",1070
"1071",1071,"2021-12-06 UTC",08:05:00,"485","2021-12-06 UTC",1071
"1072",1072,"2021-12-07 UTC",08:03:00,"483","2021-12-07 UTC",1072
"1073",1073,"2021-12-08 UTC",08:02:00,"482","2021-12-08 UTC",1073
"1074",1074,"2021-12-09 UTC",08:00:00,"480","2021-12-09 UTC",1074
"1075",1075,"2021-12-10 UTC",07:59:00,"479","2021-12-10 UTC",1075
"1076",1076,"2021-12-11 UTC",07:58:00,"478","2021-12-11 UTC",1076
"1077",1077,"2021-12-12 UTC",07:57:00,"477","2021-12-12 UTC",1077
"1078",1078,"2021-12-13 UTC",07:56:00,"476","2021-12-13 UTC",1078
"1079",1079,"2021-12-14 UTC",07:55:00,"475","2021-12-14 UTC",1079
"1080",1080,"2021-12-15 UTC",07:55:00,"475","2021-12-15 UTC",1080
"1081",1081,"2021-12-16 UTC",07:54:00,"474","2021-12-16 UTC",1081
"1082",1082,"2021-12-17 UTC",07:54:00,"474","2021-12-17 UTC",1082
"1083",1083,"2021-12-18 UTC",07:53:00,"473","2021-12-18 UTC",1083
"1084",1084,"2021-12-19 UTC",07:53:00,"473","2021-12-19 UTC",1084
"1085",1085,"2021-12-20 UTC",07:53:00,"473","2021-12-20 UTC",1085
"1086",1086,"2021-12-21 UTC",07:53:00,"473","2021-12-21 UTC",1086
"1087",1087,"2021-12-22 UTC",07:53:00,"473","2021-12-22 UTC",1087
"1088",1088,"2021-12-23 UTC",07:53:00,"473","2021-12-23 UTC",1088
"1089",1089,"2021-12-24 UTC",07:53:00,"473","2021-12-24 UTC",1089
"1090",1090,"2021-12-25 UTC",07:53:00,"473","2021-12-25 UTC",1090
"1091",1091,"2021-12-26 UTC",07:54:00,"474","2021-12-26 UTC",1091
"1092",1092,"2021-12-27 UTC",07:54:00,"474","2021-12-27 UTC",1092
"1093",1093,"2021-12-28 UTC",07:55:00,"475","2021-12-28 UTC",1093
"1094",1094,"2021-12-29 UTC",07:56:00,"476","2021-12-29 UTC",1094
"1095",1095,"2021-12-30 UTC",07:57:00,"477","2021-12-30 UTC",1095
"1096",1096,"2021-12-31 UTC",07:58:00,"478","2021-12-31 UTC",1096
