"","acoustic_project_code","station_name","deploy_latitude","deploy_longitude"
"1","2013_Maas","ak-1",50.614739,5.579158
"2","2013_Maas","ak-3",50.62285,5.580676
"3","2013_Maas","ak-4",50.637293,5.580214
"4","2013_Maas","ak-5",50.627465,5.573548
"5","2013_Maas","ak-6",50.633529,5.576963
"6","2013_Maas","ak-7",50.636918,5.585103
"7","2013_Maas","ak-8",50.648447,5.603056
"8","2013_Maas","ak-9",50.650369,5.611382
"9","2013_Maas","ak-10",50.654402,5.622823
"10","2013_Maas","ak-11",50.65697,5.626992
"11","2013_Maas","ak-12",50.657856,5.644622
"12","2013_Maas","ak-14",50.714109,5.672638
"13","2013_Maas","ma-1",50.863936,5.699716
"14","2013_Maas","ma-2",50.865472,5.697744
"15","2013_Maas","ma-3",50.959753,5.742085
"16","2013_Maas","ma-4",50.878418,5.677845
"17","2013_Maas","ma-5",50.882698,5.706716
"18","2013_Maas","ma-6",51.637577,5.996046
"19","2013_Maas","ma-7",51.637311,5.993471
"20","2013_Maas","ma-8",51.636119,5.992666
"21","2013_Maas","ma-9",51.637191,5.993428
"22","2019_Grotenete","bn-1",51.093001,4.506837
"23","2019_Grotenete","bn-2",51.117416,4.549158
"24","2019_Grotenete","bn-3",51.126391,4.571903
"25","2019_Grotenete","gn-1",51.133464,4.588822
"26","2019_Grotenete","gn-2",51.135829,4.5937
"27","2019_Grotenete","gn-3",51.130352,4.617316
"28","2019_Grotenete","gn-4",51.135075,4.664932
"29","2019_Grotenete","gn-5",51.125942,4.718199
"30","2019_Grotenete","gn-6",51.078636,4.757592
"31","2019_Grotenete","gn-7",51.061848,4.787587
"32","2019_Grotenete","gn-8",51.070653,4.851284
"33","2019_Grotenete","gn-9",51.081153,4.913762
"34","2019_Grotenete","gn-10",51.091558,4.945793
"35","2019_Grotenete","gn-11",51.09592,4.957142
"36","2019_Grotenete","gn-12",51.103738,4.985322
"37","2019_Grotenete","gn-13",51.119771,4.990306
"38","2019_Grotenete","gn-14",51.138267,4.996319
"39","2019_Grotenete","ru-1",51.082273,4.366215
"40","albert","ak-2",50.618026,5.591871
"41","albert","ak-3",50.62285,5.580676
"42","albert","ak-10",50.654402,5.622823
"43","albert","ak-11",50.65697,5.626992
"44","albert","ak-13",50.702052,5.67876
"45","albert","ak-14",50.714109,5.672638
"46","albert","ak-15",50.746608,5.689263
"47","albert","ak-16",50.75531,5.682348
"48","albert","ak-17",50.807726,5.674801
"49","albert","ak-18",50.811713,5.692692
"50","albert","ak-19",50.8608382,5.6386158
"51","albert","ak-20",50.8892706,5.6621637
"52","albert","ak-21",50.8887819,5.5749605
"53","albert","ak-22",50.9356423,5.4970086
"54","albert","ak-23",50.9357743,5.487716
"55","albert","ak-24",50.9380396,5.4373164
"56","albert","ak-25",50.9385133,5.4270421
"57","albert","ak-26",50.9406125,5.3743823
"58","albert","ak-27",50.9406792,5.3643243
"59","albert","ak-28",51.096684,5.108784
"60","albert","ak-29",51.096888,5.1133155
"61","albert","ak-30",50.097208,5.109596
"62","albert","ak-31",51.097875,5.108846
"63","albert","ak-32",51.098211,5.108959
"64","albert","ak-33",51.0985513,5.1029468
"65","albert","ak-34",51.1282853,5.1413858
"66","albert","ak-35",51.1576335,4.8653041
"67","albert","ak-36",51.159335,4.85635
"68","albert","ak-37",51.1601262,4.8561323
"69","albert","ak-38",51.168795,4.835036
"70","albert","ak-39",51.2248728,4.544249
"71","albert","ak-40",51.2281277,4.5332846
"72","albert","ak-41",51.239128,4.397469
"73","albert","ak-42",51.242076,4.403539
"74","albert","ak-43",51.249274,4.506109
"75","albert","ak-44",51.273737,4.332208
"76","albert","ak-45",51.280982,4.329702
"77","albert","ak-46",51.344943,4.290537
"78","albert","ak-47",51.345793,4.278738
"79","albert","ak-48",51.367743,4.3015
"80","albert","ak-x",51.097476,5.109196
"81","albert","HH1",50.941845,5.334551
"82","albert","HH2",50.965597,5.287241
"83","albert","HH3",50.973296,5.270083
"84","albert","HH4",50.99323,5.245137
"85","albert","HH5",51.016368,5.233414
"86","albert","HH6",51.041797,5.21874
"87","albert","HH7",51.055307,5.208966
"88","albert","HH8",51.076378,5.170783
"89","albert","HH9",51.092742,5.137916
"90","albert","HH10",51.154979,5.147086
"91","albert","HH11",51.194393,5.155753
"92","albert","S02",51.096973,5.110242
"93","albert","S07",51.096973,5.110242
"94","albert","S08",51.097872,5.109724
"95","albert","S09",51.097162,5.11063
"96","albert","S09-2",51.097162,5.11063
"97","albert","S10",51.097225,5.110328
"98","albert","S12",51.096669,5.111477
"99","albert","S13",51.097103,5.111644
"100","albert","S14",51.098103,5.110244
"101","albert","S15",51.09763,5.108964
"102","albert","S16",51.097907,5.109191
"103","albert","S17",51.098163,5.109424
"104","albert","S18",51.097433,5.109707
"105","albert","TOEVOERKANAAL",51.097195,5.10597
"106","albert","zandvlietsluis haven B",51.34458,4.30243
"107","bpns","",NA,NA
"108","bpns","?",51.703017,2.8133333
"109","bpns","ARMS1_Cpower",51.58,2.9961
"110","bpns","ARMS2_Cpower",51.579433,2.99605
"111","bpns","Belreef 2",51.4066,3.459
"112","bpns","Blackfish",51,3
"113","bpns","bpns_CNB01",51.67254,2.80187
"114","bpns","bpns_QueenoftheChannel",51.307967,2.722717
"115","bpns","bpns-A1BIS",51.361333,2.967
"116","bpns","bpns-B05BELWIND",51.671667,2.796965
"117","bpns","BPNS-Belreef1",51.40839,3.45679
"118","bpns","bpns-BelwindReefballs",51.70442,2.81259
"119","bpns","bpns-BIRKENFELS",51.649333,2.533833333
"120","bpns","bpns-bloso",51.14883,2.72977
"121","bpns","bpns-boudewijn",51.308913,3.2029422
"122","bpns","bpns-brugge",51.233818,3.220045
"123","bpns","bpns-buitenratel",51.1937,2.4653
"124","bpns","bpns-C05AR1Belwind",51.671118,2.800503
"125","bpns","bpns-C05AR2Belwind",51.668632,2.80547
"126","bpns","bpns-C05AR3Belwind",51.667386,2.79966
"127","bpns","bpns-C05BELWIND",51.669075,2.8019683
"128","bpns","bpns-CNB02",51.67115,2.80438
"129","bpns","bpns-CNB03",51.66968,2.80741
"130","bpns","bpns-CNB04",51.67174,2.79819
"131","bpns","bpns-CNB05",51.6703,2.80098
"132","bpns","bpns-CNB06",51.66882,2.80399
"133","bpns","bpns-CNB07",51.66726,2.80668
"134","bpns","bpns-CNB08",51.6707,2.79492
"135","bpns","bpns-CNB09",51.66936,2.7976
"136","bpns","bpns-CNB10",51.66811,2.80066
"137","bpns","bpns-CNB11",51.66653,2.8034
"138","bpns","bpns-CNB12",51.66854,2.79434
"139","bpns","bpns-CNB13",51.66725,2.79721
"140","bpns","bpns-CNB14",51.66594,2.79998
"141","bpns","bpns-CPowerReefballs",51.5800044,2.9954894
"142","bpns","bpns-CPowerReefballs-EMOBON",51.579833,2.9955
"143","bpns","bpns-D1",51.2325,2.643166667
"144","bpns","bpns-Duc de Normandie",51.4253,2.6055
"145","bpns","bpns-GARDENCITY",51.485333,2.298666667
"146","bpns","bpns-HD17",51.37233,3.357733
"147","bpns","bpns-herdersbrug",51.276209,3.211062
"148","bpns","bpns-KB2",51.350667,2.703666667
"149","bpns","bpns-Kilmore",51.3955,2.4965
"150","bpns","bpns-LNG",51.345261,3.212218
"151","bpns","bpns-LottoBuoy",51.5666667,2.983333
"152","bpns","bpns-middelkerkebank",51.3033,2.7125
"153","bpns","bpns-NHSE",51.757,2.665333333
"154","bpns","bpns-nieuwpoortbank",51.1695,2.6015
"155","bpns","bpns-NIEUWPOORTKUST8",51.160167,2.691833333
"156","bpns","bpns-NobelwindG10",51.63131,2.80156
"157","bpns","bpns-Noordede",51.223,2.9451
"158","bpns","bpns-NRT4",51.37233,3.357733
"159","bpns","bpns-O6",51.243106,2.917725
"160","bpns","bpns-OH1",51.240014,2.917553
"161","bpns","bpns-OOSTDYCK",51.356333,2.518666667
"162","bpns","bpns-radar",51.2741,2.447967
"163","bpns","bpns-RTNZ01",51.55004529,2.940354651
"164","bpns","bpns-RTNZ02",51.54877,2.93566
"165","bpns","bpns-RTNZ03",51.54813,2.93679
"166","bpns","bpns-RTNZ04",51.54795,2.93738
"167","bpns","bpns-RTNZ05",51.54766,2.93799
"168","bpns","bpns-RTNZ06",51.54584,2.94207
"169","bpns","bpns-RTNZ07",51.5456,2.94265
"170","bpns","bpns-RYCO",51.2247,2.9408
"171","bpns","bpns-S4",51.417167,3.0475
"172","bpns","bpns-S7",51.399667,3.173666667
"173","bpns","bpns-Trapegeer",51.1403333333,2.573
"174","bpns","bpns-vandamme",51.329852,3.2177857
"175","bpns","bpns-VG2",51.4325,2.802
"176","bpns","bpns-visart",51.329591,3.198043
"177","bpns","bpns-visartboudewijn",51.324999,3.199202
"178","bpns","bpns-vvw",51.14101,2.744052
"179","bpns","bpns-W1",51.391333,3.303666667
"180","bpns","bpns-WENDUINEBANKW",51.287167,2.879166667
"181","bpns","bpns-Whitley",51.1511666667,2.6603333333
"182","bpns","bpns-WK12",51.461167,3.107
"183","bpns","bpns-WK14",51.3685,3.262
"184","bpns","bpns-WKSabrina",51.221667,2.518683
"185","bpns","bpns-WZ",51.376167,3.178666667
"186","bpns","bpns-ZA2",51.3513,3.19883
"187","bpns","bpns-ZAND4",51.359,3.20318
"188","bpns","bpns-zbe1",51.364298,3.200701
"189","bpns","bpns-zbe2",51.363162,3.211188
"190","bpns","bpns-zbe3",51.362374,3.220989
"191","bpns","bpns-zbw1",51.362906,3.183634
"192","bpns","bpns-zbw2",51.359012,3.177194
"193","bpns","bpns-zbw3",51.355063,3.169958
"194","bpns","bpns-ZOKN",51.357167,3.1905
"195","bpns","bpns-ZW1",51.35718,3.19037
"196","bpns","CPowerReefballs-EMOBON",51.579833,2.9955
"197","bpns","surface-Nieuwpoortbank",51.1695,2.6015
"198","bpns","surface-Trapegeer",51.1403333333,2.573
"199","bpns","surface-Withley",51.1511666667,2.6603333333
"200","dijle","M-1",51.01136918,4.520968635
"201","dijle","M-2",51.02082596,4.498485779
"202","dijle","M-3",51.0229057,4.497271313
"203","dijle","M-4",51.02483717,4.495207458
"204","dijle","M-4A",51.025057,4.495476
"205","dijle","M-5",51.0340958,4.471940005
"206","dijle","M-6",51.05546566,4.442865645
"207","dijle","M-7",51.0746085,4.39848069
"208","dijle","me-7-2",51.082219,4.366229
"209","dijle","me-7-2b",51.1008,4.330483
"210","dijle","Test Rotselaar",50.947345,4.702879
"211","life4fish","amp_2017_1",50.53441478,5.29621659
"212","life4fish","amp_2017_2",50.53409801,5.296016623
"213","life4fish","amp_2017_3",50.53399485,5.296263513
"214","life4fish","amp_2017_4",50.53380366,5.296184266
"215","life4fish","amp_2017_5",50.5335701,5.296076378
"216","life4fish","amp_2017_6",50.53334208,5.295971291
"217","life4fish","amp_2017_7",50.53310924,5.295848023
"218","life4fish","amp_2017_8",50.53231286,5.295921703
"219","life4fish","amp_2017_9",50.54118273,5.32768533
"220","life4fish","Ampsin_aval_RD",50.54373735,5.33312898
"221","life4fish","Ampsin_aval_RG",50.54410684,5.33260983
"222","life4fish","Ampsin_Culee_1_(RG)",50.53377519,5.29615896
"223","life4fish","Ampsin_Culee_2_(milieu)",50.5335486,5.29604129
"224","life4fish","Ampsin_Culee_3_(RD)",50.53332202,5.29588209
"225","life4fish","Ampsin_Maul_centrale_cote_culee",50.53401058,5.29630778
"226","life4fish","Ampsin_prise_d_eau_RD",50.53417117,5.29606206
"227","life4fish","Ampsin_prise_d_eau_RG",50.53441095,5.29626279
"228","life4fish","and_2017",50.493017,5.074436
"229","life4fish","and_2017_1",50.49395642,5.070476812
"230","life4fish","and_2017_2",50.49306571,5.069881618
"231","life4fish","and_2017_3",50.49283778,5.069837822
"232","life4fish","and_2017_4",50.49261279,5.069802926
"233","life4fish","and_2017_5",50.49240683,5.06976097
"234","life4fish","and_2017_6",50.49216855,5.069694099
"235","life4fish","and_2017_7",50.49191847,5.069650004
"236","life4fish","and_2017_8",50.49379254,5.096080728
"237","life4fish","Andenne_aval_(RD)",50.49382129,5.096384458
"238","life4fish","Andenne_aval_(RG)",50.49421683,5.096172149
"239","life4fish","Andenne_Culee_1_(RG)",50.49308567,5.069811757
"240","life4fish","Andenne_Culee_2_(MG)",50.4928686,5.069777635
"241","life4fish","Andenne_culee_3_(MD)",50.4926443,5.069732141
"242","life4fish","Andenne_culee_4_(RD)",50.49243929,5.069682855
"243","life4fish","Andenne_prise_d_eau_(RD)",50.49197379,5.069588074
"244","life4fish","Andenne_prise_d_eau_(RG)",50.49215227,5.069605135
"245","life4fish","Canal_Albert_RD",50.65446581,5.622666635
"246","life4fish","Canal_Albert_RG",50.65506587,5.622369169
"247","life4fish","gm_2017",50.465997,4.898861
"248","life4fish","gm_2017_1",50.46704382,4.89925783
"249","life4fish","gm_2017_2",50.46683041,4.899184168
"250","life4fish","gm_2017_3",50.46658338,4.899094741
"251","life4fish","gm_2017_4",50.46638589,4.898989579
"252","life4fish","gm_2017_5",50.46619886,4.898794843
"253","life4fish","gm_2017_6",50.46623552,4.898478805
"254","life4fish","gm_2017_7",50.46612397,4.898865132
"255","life4fish","gm_2017_8",50.46611505,4.898739338
"256","life4fish","gm_2017_9",50.46610781,4.898605127
"257","life4fish","gm_2017_10",50.46601917,4.899018111
"258","life4fish","gm_2017_11",50.46599277,4.898941482
"259","life4fish","gm_2017_12",50.46599179,4.898708571
"260","life4fish","gm_2017_13",50.46588563,4.898965461
"261","life4fish","gm_2017_14",50.46591982,4.898841055
"262","life4fish","gm_2017_15",50.46573658,4.89908347
"263","life4fish","gm_2017_16",50.47858264,4.939950417
"264","life4fish","Grands-Malades_2D_amont",50.4663703,4.8983818
"265","life4fish","Grands-Malades_2D_axe_culee_4",50.4663202,4.8985965
"266","life4fish","Grands-Malades_2D_barrage",50.4662075,4.8990029
"267","life4fish","Grands-Malades_2D_centre",50.4663202,4.8987709
"268","life4fish","Grands-Malades_2D_rive_droite",50.4662473,4.8984904
"269","life4fish","Grands-Malades_aval_(RD)",50.46430362,4.908612248
"270","life4fish","Grands-Malades_aval_(RG)",50.46488815,4.909401178
"271","life4fish","Grands-Malades_culee_1_(RG)",50.4670498,4.8991866
"272","life4fish","Grands-Malades_culee_2_(MG)",50.4668298,4.8991155
"273","life4fish","Grands-Malades_culee_3_(MD)",50.4666104,4.8990673
"274","life4fish","Grands-Malades_culee_4_(RD)",50.4663885,4.8989948
"275","life4fish","Grands-Malades_ecluse",50.46573405,4.899022222
"276","life4fish","Grands-Malades_prise_d_eau_(milieu_RD)",50.4659329,4.8988931
"277","life4fish","Grands-Malades_prise_d_eau_(RD_turbines)",50.4659056,4.8990057
"278","life4fish","Grands-Malades_prise_d_eau_(RG)",50.4660268,4.8990446
"279","life4fish","ir_2017_1",50.59320397,5.460860688
"280","life4fish","ir_2017_2",50.59305879,5.46090541
"281","life4fish","ir_2017_3",50.59291214,5.460950119
"282","life4fish","ir_2017_4",50.59282067,5.461319949
"283","life4fish","ir_2017_5",50.59247385,5.460754501
"284","life4fish","ir_2017_6",50.59224875,5.460818726
"285","life4fish","ir_2017_7",50.59203261,5.460874086
"286","life4fish","ir_2017_8",50.59177524,5.460913967
"287","life4fish","ir_2017_9",50.59102951,5.46369006
"288","life4fish","ir_2017_10",50.59269224,5.460571763
"289","life4fish","ir_2017_11",50.59261296,5.460451157
"290","life4fish","ir_2017_12",50.59265081,5.46025749
"291","life4fish","ir_2017_13",50.59257254,5.460159462
"292","life4fish","ir_2017_14",50.59262119,5.460014993
"293","life4fish","ir_2017_15",50.59257601,5.45990487
"294","life4fish","ir_2017_16",50.59260806,5.459763639
"295","life4fish","ir_2017_17",50.59252039,5.459651957
"296","life4fish","ir_2017_18",50.59259487,5.459553704
"297","life4fish","ir_2017_19",50.59251505,5.459474982
"298","life4fish","ir_2017_20",50.59256111,5.45935139
"299","life4fish","ir_2017_21",50.59701569,5.480009455
"300","life4fish","lix_2017_1",50.75133434,5.685585227
"301","life4fish","lix_2017_2",50.7513928,5.685951435
"302","life4fish","lix_2017_3",50.75144734,5.686330833
"303","life4fish","lix_2017_4",50.75149,5.686697161
"304","life4fish","lix_2017_5",50.75153313,5.687080445
"305","life4fish","lix_2017_6",50.75150684,5.68759541
"306","life4fish","lix_2017_7",50.75148052,5.688049209
"307","life4fish","lix_2017_8",50.75253076,5.68808461
"308","life4fish","lix_2017_9",50.75653414,5.681601354
"309","life4fish","Lixhe_Aval_rive_droite",50.78234727,5.699431301
"310","life4fish","Lixhe_culee_1_(RD)",50.75153082,5.687113529
"311","life4fish","Lixhe_culee_2",50.7514581,5.686748457
"312","life4fish","Lixhe_culee_3",50.75140678,5.686369865
"313","life4fish","Lixhe_culee_4",50.75135117,5.686004794
"314","life4fish","Lixhe_culee_5_(RG)",50.75129984,5.685619441
"315","life4fish","Lixhe_prise_d_eau_(RD)",50.75148377,5.688019446
"316","life4fish","Lixhe_prise_d_eau_(RG)",50.75150088,5.687694938
"317","life4fish","mon_2017",50.651597,5.630614
"318","life4fish","mon_2017_1",50.65333544,5.630871708
"319","life4fish","mon_2017_2",50.65315174,5.630842568
"320","life4fish","mon_2017_3",50.65299572,5.630827617
"321","life4fish","mon_2017_4",50.6528806,5.631018468
"322","life4fish","mon_2017_5",50.65212592,5.630629793
"323","life4fish","mon_2017_6",50.65183518,5.630589624
"324","life4fish","mon_2017_7",50.65155875,5.630547011
"325","life4fish","mon_2017_8",50.65128226,5.630493331
"326","life4fish","mon_2017_9",50.65099485,5.630450571
"327","life4fish","mon_2017_10",50.65244558,5.6386696
"328","life4fish","Monsin_Aval_RD",50.65185974,5.638567513
"329","life4fish","Monsin_Aval_RG",50.65257985,5.638946105
"330","life4fish","Monsin_culee_1_(RG)",50.6521405,5.630595102
"331","life4fish","Monsin_culee_2",50.65186617,5.630527496
"332","life4fish","Monsin_culee_3",50.65160041,5.630480172
"333","life4fish","Monsin_culee_4",50.65132179,5.630432848
"334","life4fish","Monsin_culee_5_(RD)",50.65102603,5.630385524
"335","life4fish","Monsin_PE_Milieu",50.65318208,5.631027779
"336","life4fish","Monsin_PE_RD",50.65300634,5.631000736
"337","life4fish","Monsin_PE_RG",50.65335568,5.6310413
"338","life4fish","Ramet_1_axe_culee_1_(amont)",50.59244278,5.459264626
"339","life4fish","Ramet_1_axe_culee_2_(amont)",50.59239072,5.459670321
"340","life4fish","Ramet_2_axe_culee_1_(milieux_amont)",50.59254415,5.459497685
"341","life4fish","Ramet_2_axe_culee_2_(aval)",50.59245374,5.460054437
"342","life4fish","Ramet_2D_interieur_BaB",50.59264005,5.459899064
"343","life4fish","Ramet_3_axe_culee_1_(milieux_aval)",50.59256607,5.45992496
"344","life4fish","Ramet_4_axe_culee_1_(aval)",50.59262087,5.460477396
"345","life4fish","Ramet_amont_axe_BaB",50.59256881,5.459268942
"346","life4fish","Ramet_Ancienne_ecluse",50.59107556,5.463714324
"347","life4fish","Ramet_aval_rive_droite",50.59707317,5.480031973
"348","life4fish","Ramet_aval_rive_gauche",50.59718475,5.479274789
"349","life4fish","Ramet_culee_1_(RG)",50.59253045,5.460719086
"350","life4fish","Ramet_culee_2_(MG)",50.59225646,5.460818352
"351","life4fish","Ramet_culee_3_(MD)",50.59199891,5.460874459
"352","life4fish","Ramet_Culee_4_(RD)",50.5917989,5.460917618
"353","life4fish","Ramet_Nouvelle_ecluse",50.59131119,5.462221021
"354","life4fish","Ramet_PE_Milieu",50.5930839,5.460887406
"355","life4fish","Ramet_PE_Rive_droite",50.59296883,5.460930566
"356","life4fish","Ramet_PE_rive_gauche",50.59319898,5.460848563
"357","lifewatch","PlanktonImagingMooring-ICOSbuoy",51.57988997,2.9963775
"358","ws1","ws-1",51.434745,3.636486667
"359","ws1","ws-2",51.44243667,3.645828333
"360","ws1","ws-3",51.43833333,3.647028333
"361","ws1","WS-250m",51.40839,3.45679
"362","ws1","ws-ARV3",51.41182167,3.607175
"363","ws1","ws-DL7",51.471342,3.475013
"364","ws1","ws-DL9",51.465842,3.48868
"365","ws1","ws-DL12",51.466175,3.502181
"366","ws1","ws-GVWSP",51.447341,3.470514
"367","ws1","ws-HSS",51.43212833,3.623928333
"368","ws1","ws-OG10",51.474675,3.510681
"369","ws1","ws-OG16",51.4738,3.5117
"370","ws1","ws-OGDL",51.46395,3.51263
"371","ws1","ws-SP3",51.459333,3.4718333
"372","ws1","ws-SS2",51.42732167,3.627138333
"373","ws1","ws-SS3",51.41726667,3.621633333
"374","ws1","ws-SS4",51.42058,3.630271667
"375","ws1","ws-SS5",51.41178,3.634061667
"376","ws1","ws-STEEN",51.403409,3.465898
"377","ws1","ws-TRAWL",51.437785,3.470347
"378","ws1","ws-VH8",51.38806667,3.608716667
"379","ws1","ws-W6",51.41834,3.453181
"380","ws1","ws-W7",51.410173,3.454515
"381","ws1","ws-WN2",51.428174,3.462181
"382","ws2","ws-2C",51.4169613,3.7188079
"383","ws2","ws-4",51.3970414,3.7153436
"384","ws2","ws-6",51.3913098,3.7161726
"385","ws2","ws-11",51.41163,3.70746
"386","ws2","ws-12",51.37033,3.7511
"387","ws2","ws-12A",51.3648799,3.765539
"388","ws2","ws-13",51.4071859,3.7080883
"389","ws2","ws-14",51.3601518,3.7798113
"390","ws2","ws-15",51.386465,3.7080085
"391","ws2","ws-15A",51.3805457,3.717259
"392","ws2","ws-16",51.3544901,3.795027
"393","ws2","ws-18",51.3482621,3.8147323
"394","ws2","ws-23",51.3552573,3.7609896
"395","ws2","ws-25",51.351926,3.773559
"396","ws2","ws-25A",51.352186,3.781008
"397","ws2","ws-25B",51.3465544,3.800172
"398","ws2","ws-A1",51.3724995,3.7229828
"399","ws2","ws-A3",51.3655375,3.734487
"400","ws2","ws-A5",51.3584544,3.7454284
"401","ws2","ws-borssele",51.431616667,3.704916667
"402","ws2","ws-K",51.3508203,3.7866595
"403","ws2","ws-PPB",51.3536136,3.7376409
"404","ws2","ws-PPC",51.353339,3.7522275
"405","ws2","ws-PVTSS",51.4018055,3.7089134
"406","ws3","ws-42A",51.42251303,4.032860596
"407","ws3","ws-51",51.42389,4.02278
"408","ws3","ws-53",51.41651283,4.027360624
"409","ws3","ws-53A",51.411167,4.029233
"410","ws3","ws-55",51.40221,4.02998
"411","ws3","ws-F42",51.42786,4.03246
"412","ws3","ws-F53",51.41672,4.02487
"413","ws3","ws-FZ2",51.42601,4.03575
"414","ws3","ws-HW6",51.43484,4.02702
"415","zeeschelde","bn-Lier",51.11731,4.54958
"416","zeeschelde","bn-Walem",51.07183,4.45474
"417","zeeschelde","du-Hamveer",51.10507,4.14106
"418","zeeschelde","gn-Lier",51.13594,4.59381
"419","zeeschelde","kn-Lier",51.14993,4.58453
"420","zeeschelde","Rt1",51.01097,4.02438
"421","zeeschelde","Rt2",51.01123,4.02495
"422","zeeschelde","Rt3",51.01193,4.02682
"423","zeeschelde","Rt4",51.01242,4.02803
"424","zeeschelde","Rt5",51.01295,4.02923
"425","zeeschelde","Rt6",51.0135,4.03042
"426","zeeschelde","Rt7",51.01403,4.03152
"427","zeeschelde","Rt8",51.01627,4.03598
"428","zeeschelde","s-1",51.02811,3.78691
"429","zeeschelde","s-2",51.006648,3.77829
"430","zeeschelde","s-2a",51.02032,3.96965
"431","zeeschelde","s-3",51.0434,4.04783
"432","zeeschelde","s-4",51.04231,4.0945
"433","zeeschelde","s-4a",51.03203,4.18166
"434","zeeschelde","s-4b",51.05593,4.20024
"435","zeeschelde","s-4c",51.07363,4.19007
"436","zeeschelde","s-5",51.09258,4.17083
"437","zeeschelde","s-6",51.12287,4.2184
"438","zeeschelde","s-7",51.11414,4.24123
"439","zeeschelde","s-8",51.14319,4.33078
"440","zeeschelde","s-8a",51.14222,4.32646
"441","zeeschelde","s-9",51.19069,4.32954
"442","zeeschelde","s-9a",51.19068,4.33602
"443","zeeschelde","s-10",51.23393,4.39715
"444","zeeschelde","s-10a",51.235423,4.396673
"445","zeeschelde","s-11",51.29646,4.2857
"446","zeeschelde","s-12",51.30305,4.28731
"447","zeeschelde","s-Dendermonde",51.03855,4.1175
"448","zeeschelde","s-Dendermonde2",51.036148,4.108625
"449","zeeschelde","s-Schoonaarde",51.0056444,4.012115
"450","zeeschelde","s-STD3",51.330504,4.270161
"451","zeeschelde","s-Vlassenbroek",51.03955,4.16605
"452","zeeschelde","s-Wetteren",51.00164,3.85695
"453","zeeschelde","s-wichelen",51.0168,3.92527
"454","zeeschelde","s-Wichelen",51.0168,3.92527
