,animal_project_code,scientific_name,tag_serial_number,acoustic_tag_id,capture_date_time,capture_location,capture_latitude,capture_longitude,capture_method,release_date_time,release_location,release_latitude,release_longitude,length1_type,length1,length1_unit,length2_type,length2,length2_unit,length3_type,length3,length3_unit,length4_type,length4,length4_unit,weight,weight_unit,age,age_unit,sex,life_stage,treatment_type
1,2019_Grotenete,Anguilla anguilla,1171748,A69-1601-26502,2/10/2019 8:00,Downstream weir Maelesbroek,51.149272,5.011614,Fyke net,2/10/2019 13:00,Downstream confluent Grote Nete and Molse Nete,51.144779,5.003906,total length,658,mm,vertical eye diameter,9.8,mm,horizontal eye diameter,10.24,mm,pectoral fin length,34.42,mm,571,g,NA,NA,female,FV,NA
2,2019_Grotenete,Anguilla anguilla,1171749,A69-1601-26503,2/10/2019 8:00,Downstream weir Maelesbroek,51.149272,5.011614,Fyke net,2/10/2019 13:00,Downstream confluent Grote Nete and Molse Nete,51.144779,5.003906,total length,655,mm,vertical eye diameter,8.44,mm,horizontal eye diameter,9.82,mm,pectoral fin length,35.94,mm,513,g,NA,NA,female,FV,NA
3,2019_Grotenete,Anguilla anguilla,1171750,A69-1601-26504,2/10/2019 8:00,Downstream weir Maelesbroek,51.149272,5.011614,Fyke net,2/10/2019 13:00,Downstream confluent Grote Nete and Molse Nete,51.144779,5.003906,total length,686,mm,vertical eye diameter,9.22,mm,horizontal eye diameter,9.68,mm,pectoral fin length,34.4,mm,565,g,NA,NA,female,FV,NA
4,2019_Grotenete,Anguilla anguilla,1171751,A69-1601-26505,2/10/2019 8:00,Downstream weir Maelesbroek,51.149272,5.011614,Fyke net,2/10/2019 13:00,Downstream confluent Grote Nete and Molse Nete,51.144779,5.003906,total length,770,mm,vertical eye diameter,7.28,mm,horizontal eye diameter,7.76,mm,pectoral fin length,32.56,mm,825,g,NA,NA,female,FIII,NA
5,2019_Grotenete,Anguilla anguilla,1305787,A69-1602-11944,2/10/2019 8:00,Downstream confluent Molse Nete and Grote Nete,51.144938,5.003962,Fyke net,2/10/2019 13:00,Downstream confluent Grote Nete and Molse Nete,51.144779,5.003906,total length,555,mm,vertical eye diameter,7.76,mm,horizontal eye diameter,8.46,mm,pectoral fin length,29.24,mm,362,g,NA,NA,female,FV,NA
6,2019_Grotenete,Anguilla anguilla,1305788,A69-1602-11945,2/10/2019 8:00,Downstream confluent Molse Nete and Grote Nete,51.144938,5.003962,Fyke net,2/10/2019 13:00,Downstream confluent Grote Nete and Molse Nete,51.144779,5.003906,total length,423,mm,vertical eye diameter,6.52,mm,horizontal eye diameter,6.54,mm,pectoral fin length,20.72,mm,141,g,NA,NA,male,MII,NA
7,2019_Grotenete,Anguilla anguilla,1305789,A69-1602-11946,2/10/2019 8:00,Downstream confluent Molse Nete and Grote Nete,51.144938,5.003962,Fyke net,2/10/2019 13:00,Downstream confluent Grote Nete and Molse Nete,51.144779,5.003906,total length,578,mm,vertical eye diameter,7.58,mm,horizontal eye diameter,8.5,mm,pectoral fin length,29.3,mm,335,g,NA,NA,female,FV,NA
8,2019_Grotenete,Anguilla anguilla,1305790,A69-1602-11947,2/10/2019 8:00,Downstream confluent Molse Nete and Grote Nete,51.144938,5.003962,Fyke net,2/10/2019 13:00,Downstream confluent Grote Nete and Molse Nete,51.144779,5.003906,total length,554,mm,vertical eye diameter,7.52,mm,horizontal eye diameter,7.88,mm,pectoral fin length,22.1,mm,317,g,NA,NA,female,FIII,NA
9,2019_Grotenete,Anguilla anguilla,1305791,A69-1602-11948,2/10/2019 8:00,Downstream confluent Molse Nete and Grote Nete,51.144938,5.003962,Fyke net,2/10/2019 13:00,Downstream confluent Grote Nete and Molse Nete,51.144779,5.003906,total length,559,mm,vertical eye diameter,6.76,mm,horizontal eye diameter,7.66,mm,pectoral fin length,22.72,mm,317,g,NA,NA,female,FIII,NA
10,2019_Grotenete,Anguilla anguilla,1305792,A69-1602-11949,2/10/2019 8:00,Downstream fish ladder Meerhout,51.136875,5.081571,Fyke net,2/10/2019 13:00,Downstream confluent Grote Nete and Molse Nete,51.144779,5.003906,total length,628,mm,vertical eye diameter,6.7,mm,horizontal eye diameter,7.72,mm,pectoral fin length,27.16,mm,388,g,NA,NA,female,FIII,NA
11,2019_Grotenete,Anguilla anguilla,1305793,A69-1602-11950,2/10/2019 8:00,Downstream fish ladder Meerhout,51.136875,5.081571,Fyke net,2/10/2019 13:00,Downstream confluent Grote Nete and Molse Nete,51.144779,5.003906,total length,544,mm,vertical eye diameter,8.2,mm,horizontal eye diameter,9.5,mm,pectoral fin length,29.32,mm,283,g,NA,NA,female,FV,NA
12,2019_Grotenete,Anguilla anguilla,1294154,"A69-9006-3964,A69-9006-3965",2/10/2019 8:00,Downstream weir Maelesbroek,51.149272,5.011614,Fyke net,2/10/2019 13:00,Downstream confluent Grote Nete and Molse Nete,51.144779,5.003906,total length,727,mm,vertical eye diameter,9.3,mm,horizontal eye diameter,10.5,mm,pectoral fin length,30.78,mm,722,g,NA,NA,female,FIII,NA
13,2019_Grotenete,Anguilla anguilla,1294155,"A69-9006-3966,A69-9006-3967",2/10/2019 8:00,Downstream weir Maelesbroek,51.149272,5.011614,Fyke net,2/10/2019 13:00,Downstream confluent Grote Nete and Molse Nete,51.144779,5.003906,total length,798,mm,vertical eye diameter,9.14,mm,horizontal eye diameter,11.28,mm,pectoral fin length,37.28,mm,855,g,NA,NA,female,FV,NA
14,2019_Grotenete,Anguilla anguilla,1294156,"A69-9006-3968,A69-9006-3969",2/10/2019 8:00,Downstream weir Maelesbroek,51.149272,5.011614,Fyke net,2/10/2019 13:00,Downstream confluent Grote Nete and Molse Nete,51.144779,5.003906,total length,716,mm,vertical eye diameter,9.2,mm,horizontal eye diameter,9.62,mm,pectoral fin length,31.72,mm,685,g,NA,NA,female,FIII,NA
15,2019_Grotenete,Anguilla anguilla,1294157,"A69-9006-3970,A69-9006-3971",2/10/2019 8:00,Downstream confluent Molse Nete and Grote Nete,51.144938,5.003962,Fyke net,2/10/2019 13:00,Downstream confluent Grote Nete and Molse Nete,51.144779,5.003906,total length,773,mm,vertical eye diameter,10,mm,horizontal eye diameter,10.84,mm,pectoral fin length,32.18,mm,949,g,NA,NA,female,FIV,NA
16,2019_Grotenete,Anguilla anguilla,1294158,"A69-9006-3972,A69-9006-3973",2/10/2019 8:00,Downstream confluent Molse Nete and Grote Nete,51.144938,5.003962,Fyke net,2/10/2019 13:00,Downstream confluent Grote Nete and Molse Nete,51.144779,5.003906,total length,669,mm,vertical eye diameter,8.94,mm,horizontal eye diameter,9.8,mm,pectoral fin length,31.68,mm,631,g,NA,NA,female,FV,NA
17,2019_Grotenete,Anguilla anguilla,1294159,"A69-9006-3974,A69-9006-3975",2/10/2019 8:00,Downstream confluent Molse Nete and Grote Nete,51.144938,5.003962,Fyke net,2/10/2019 13:00,Downstream confluent Grote Nete and Molse Nete,51.144779,5.003906,total length,779,mm,vertical eye diameter,9.38,mm,horizontal eye diameter,10.1,mm,pectoral fin length,40.18,mm,872,g,NA,NA,female,FV,NA
18,2019_Grotenete,Anguilla anguilla,1305786,A69-1602-11943,3/10/2019 8:00,Downstream confluent Molse Nete and Grote Nete,51.144938,5.003962,Fyke net,3/10/2019 12:00,Downstream confluent Grote Nete and Molse Nete,51.144779,5.003906,total length,629,mm,vertical eye diameter,8.7,mm,horizontal eye diameter,8.73,mm,pectoral fin length,28.92,mm,407,g,NA,NA,female,FV,NA
19,2019_Grotenete,Anguilla anguilla,1294160,"A69-9006-3976,A69-9006-3977",3/10/2019 8:00,Downstream weir Maelesbroek,51.149272,5.011614,Fyke net,3/10/2019 12:00,Downstream confluent Grote Nete and Molse Nete,51.144779,5.003906,total length,778,mm,vertical eye diameter,10.67,mm,horizontal eye diameter,11.55,mm,pectoral fin length,44,mm,834,g,NA,NA,female,FV,NA
20,2019_Grotenete,Anguilla anguilla,1294161,"A69-9006-3978,A69-9006-3979",3/10/2019 8:00,Downstream confluent Molse Nete and Grote Nete,51.144938,5.003962,Fyke net,3/10/2019 12:00,Downstream confluent Grote Nete and Molse Nete,51.144779,5.003906,total length,679,mm,vertical eye diameter,9.13,mm,horizontal eye diameter,9.26,mm,pectoral fin length,36.61,mm,730,g,NA,NA,female,FV,NA
21,2019_Grotenete,Anguilla anguilla,1305785,A69-1602-11942,8/10/2019 8:00,Downstream weir Maelesbroek,51.149272,5.011614,Fyke net,8/10/2019 9:00,Downstream confluent Grote Nete and Molse Nete,51.144779,5.003906,total length,660,mm,vertical eye diameter,8.46,mm,horizontal eye diameter,9.58,mm,pectoral fin length,35,mm,385,g,NA,NA,female,FV,NA
22,2019_Grotenete,Anguilla anguilla,1171746,A69-1601-26500,9/10/2019 14:30,Downstream fish ladder Meerhout,51.136875,5.081571,Fyke net,9/10/2019 17:30,Downstream confluent Grote Nete and Molse Nete,51.144779,5.003906,total length,691,mm,vertical eye diameter,8.69,mm,horizontal eye diameter,9.59,mm,pectoral fin length,34.69,mm,571,g,NA,NA,female,FV,NA
23,2019_Grotenete,Anguilla anguilla,1171747,A69-1601-26501,9/10/2019 14:30,Downstream fish ladder Meerhout,51.136875,5.081571,Fyke net,9/10/2019 17:30,Downstream confluent Grote Nete and Molse Nete,51.144779,5.003906,total length,641,mm,vertical eye diameter,6.61,mm,horizontal eye diameter,7.08,mm,pectoral fin length,30.33,mm,459,g,NA,NA,female,FIII,NA
24,2019_Grotenete,Anguilla anguilla,1171753,A69-1601-26507,9/10/2019 14:30,Downstream fish ladder Meerhout,51.136875,5.081571,Fyke net,9/10/2019 17:30,Downstream confluent Grote Nete and Molse Nete,51.144779,5.003906,total length,635,mm,vertical eye diameter,9.19,mm,horizontal eye diameter,9.77,mm,pectoral fin length,35.63,mm,462,g,NA,NA,female,FV,NA
25,2019_Grotenete,Anguilla anguilla,1305784,A69-1602-11941,10/10/2019 9:30,Downstream fish ladder Meerhout,51.136875,5.081571,Fyke net,10/10/2019 11:30,Downstream confluent Grote Nete and Molse Nete,51.144779,5.003906,total length,555,mm,vertical eye diameter,8.9,mm,horizontal eye diameter,8.84,mm,pectoral fin length,33.2,mm,276,g,NA,NA,female,FV,NA
26,2019_Grotenete,Anguilla anguilla,1294162,"A69-9006-3980,A69-9006-3981",10/10/2019 9:30,Downstream fish ladder Meerhout,51.136875,5.081571,Fyke net,10/10/2019 11:30,Downstream confluent Grote Nete and Molse Nete,51.144779,5.003906,total length,786,mm,vertical eye diameter,11.35,mm,horizontal eye diameter,12.54,mm,pectoral fin length,41.98,mm,874,g,NA,NA,female,FV,NA
27,2019_Grotenete,Anguilla anguilla,1294164,"A69-9006-3984,A69-9006-3985",8/10/2020 10:30,Downstream confluent Molse Nete and Grote Nete,51.144779,5.003906,Fyke net,8/10/2020 11:00,Downstream confluent Grote Nete and Molse Nete,51.144779,5.003906,total length,781,mm,vertical eye diameter,10.61,mm,horizontal eye diameter,11.28,mm,pectoral fin length,40.05,mm,756,g,NA,NA,female,FV,NA
28,2019_Grotenete,Anguilla anguilla,1294168,"A69-9006-3992,A69-9006-3993",9/10/2020 9:45,Downstream confluent Molse Nete and Grote Nete,51.144779,5.003906,Fyke net,9/10/2020 10:15,Downstream confluent Grote Nete and Molse Nete,51.144779,5.003906,total length,736,mm,vertical eye diameter,7.05,mm,horizontal eye diameter,7.8,mm,pectoral fin length,37.75,mm,705.6,g,NA,NA,female,FIII,NA
29,2019_Grotenete,Anguilla anguilla,1294172,"A69-9006-4000,A69-9006-4001",14/10/2020 9:45,Molse Nete,51.147663,5.003922,Fyke net,14/10/2020 10:30,Grote Nete 200 m upstream deployment gn-14,51.139997,4.997392,total length,666,mm,vertical eye diameter,7.63,mm,horizontal eye diameter,8,mm,pectoral fin length,29.75,mm,502.2,g,NA,NA,female,FIII,NA
30,2019_Grotenete,Anguilla anguilla,1294171,"A69-9006-3998,A69-9006-3999",14/10/2020 9:55,Downstream confluent Molse Nete and Grote Nete,51.144938,5.003962,Fyke net,14/10/2020 10:30,Grote Nete 200 m upstream deployment gn-14,51.139997,4.997392,total length,647,mm,vertical eye diameter,8.56,mm,horizontal eye diameter,9.08,mm,pectoral fin length,32.55,mm,464,g,NA,NA,female,FV,NA
31,2019_Grotenete,Anguilla anguilla,1294166,"A69-9006-3988,A69-9006-3989",9/12/2020 10:45,Wildersedijk Grote Nete,51.138881,4.996931,Fyke net,9/12/2020 11:10,Wildersedijk Grote Nete,51.138881,4.996931,total length,660,mm,vertical eye diameter,9.15,mm,horizontal eye diameter,9.17,mm,pectoral fin length,33.24,mm,585.6,g,NA,NA,female,FV,NA
32,2019_Grotenete,Anguilla anguilla,1294169,"A69-9006-3994,A69-9006-3995",16/12/2020 10:00,Upstream weir Maelesbroek,51.14942,5.013359,Fyke net,16/12/2020 12:30,Downstream confluent Grote Nete and Molse Nete,51.144779,5.003906,total length,780,mm,vertical eye diameter,7.7,mm,horizontal eye diameter,7.89,mm,pectoral fin length,37.76,mm,825.1,g,NA,NA,female,FIII,NA
33,2019_Grotenete,Anguilla anguilla,1294170,"A69-9006-3996,A69-9006-3997",16/12/2020 10:00,Upstream weir Maelesbroek,51.14942,5.013359,Fyke net,16/12/2020 12:30,Downstream confluent Grote Nete and Molse Nete,51.144779,5.003906,total length,688,mm,vertical eye diameter,10.1,mm,horizontal eye diameter,10.04,mm,pectoral fin length,37.57,mm,637.2,g,NA,NA,female,FV,NA
34,2019_Grotenete,Anguilla anguilla,1294167,"A69-9006-3990,A69-9006-3991",16/12/2020 10:00,Upstream weir Maelesbroek,51.14942,5.013359,Fyke net,16/12/2020 12:30,Downstream confluent Grote Nete and Molse Nete,51.144779,5.003906,total length,795,mm,vertical eye diameter,10.63,mm,horizontal eye diameter,11.89,mm,pectoral fin length,43.77,mm,1074.5,g,NA,NA,female,FIV,NA
35,2019_Grotenete,Anguilla anguilla,1294165,"A69-9006-3986,A69-9006-3987",16/12/2020 10:00,Downstream confluent Molse Nete and Grote Nete,51.144938,5.003962,Fyke net,16/12/2020 12:30,Downstream confluent Grote Nete and Molse Nete,51.144779,5.003906,total length,688,mm,vertical eye diameter,9.12,mm,horizontal eye diameter,10,mm,pectoral fin length,30.16,mm,557,g,NA,NA,female,FV,NA
36,2019_Grotenete,Anguilla anguilla,1294189,"A69-9006-4034,A69-9006-4035",16/12/2020 10:00,Downstream confluent Molse Nete and Grote Nete,51.144938,5.003962,Fyke net,16/12/2020 12:30,Downstream confluent Grote Nete and Molse Nete,51.144779,5.003906,total length,642,mm,vertical eye diameter,8.9,mm,horizontal eye diameter,8.95,mm,pectoral fin length,33.29,mm,524,g,NA,NA,female,FV,NA
37,2019_Grotenete,Anguilla anguilla,1294190,"A69-9006-4036,A69-9006-4037",16/12/2020 10:00,Downstream confluent Molse Nete and Grote Nete,51.144938,5.003962,Fyke net,16/12/2020 12:30,Downstream confluent Grote Nete and Molse Nete,51.144779,5.003906,total length,649,mm,vertical eye diameter,10.06,mm,horizontal eye diameter,10.71,mm,pectoral fin length,33.59,mm,509.1,g,NA,NA,female,FV,NA
38,2019_Grotenete,Anguilla anguilla,1294191,"A69-9006-4038,A69-9006-4039",18/12/2020 8:00,Downstream confluent Molse Nete and Grote Nete,51.144938,5.003962,Fyke net,18/12/2020 10:35,Downstream confluent Grote Nete and Molse Nete,51.144779,5.003906,total length,686,mm,vertical eye diameter,7.27,mm,horizontal eye diameter,7.68,mm,pectoral fin length,28.41,mm,514.6,g,NA,NA,female,FIII,NA
39,2019_Grotenete,Anguilla anguilla,1293822,"A69-9006-3944,A69-9006-3945",18/12/2020 8:00,Upstream weir Maelesbroek,51.14942,5.013359,Fyke net,18/12/2020 10:35,Downstream confluent Grote Nete and Molse Nete,51.144779,5.003906,total length,705,mm,vertical eye diameter,9.66,mm,horizontal eye diameter,9.69,mm,pectoral fin length,32.72,mm,609.3,g,NA,NA,female,FV,NA
